id,Domain,Status,Attractiveness,Demand,Length,Registrar,Created,Expires
6817bd93-335c-4e77-bb1f-40b7985741ce,aircraft.at,premium,70,80,8,,,
2614505f-2fb0-4d31-a9cd-9b800080d0b6,aircraft.gg,available,70,80,8,,,
0db00b3d-ad29-43b4-983e-0940ca6febb1,aircraft.it,resell,70,80,8,,04/05/2019 09:00,04/05/2026 00:00
f2d4d0d0-8322-4977-b7e8-223511f60383,aircraft.me,resell,70,80,8,"Name.com, Inc.",06/09/2015 02:35,06/09/2025 02:35
1bc2c6e0-d117-4d21-82e0-9d5c9d80fa20,aircraft.net,resell,70,80,8,"Spaceship, Inc.",26/09/2000 10:32,26/09/2025 10:32
19c7c28e-913c-4b36-97e1-a89877aaa355,aircraft.online,premium,70,80,8,,,
b9a5096f-48fe-472e-b758-f7e6ff475a6b,aircraft.site,premium,70,80,8,,,
54103a96-8d90-4676-af1d-30139e77842b,aircraft.so,available,70,80,8,,,
ceb7f72e-359c-4202-ab71-9fae2a92684d,aircraft.space,premium,70,80,8,,,
cc8b171f-a16a-459b-b12d-f35a41ed73da,aircraft.store,premium,70,80,8,,,
fee4fedd-08f4-4781-a23a-19a5c71f7c73,aircraft.tech,premium,70,80,8,,,
7791a911-a738-4d7d-9934-173fa6bf3e27,aircraft.xyz,resell,70,80,8,"Go Daddy, LLC",02/06/2014 16:34,02/06/2026 23:59
2067a4a3-df16-44ff-a043-961a1e9b2ea0,aircraft.zone,premium,70,80,8,,,
46b1e28c-0971-42de-b9b5-148a849170de,services.academy,resell,72,23,8,Dynadot Inc,06/07/2025 17:00,06/07/2026 17:00
d819149a-6c1b-41f2-a6f7-e1c6eb8d684a,services.accountant,premium,72,23,8,,,
3ded9c07-6a8f-4b3d-9e3c-6e914f8ab173,services.accountants,premium,72,23,8,,,
60f34592-b652-46d0-9859-b5e76bf0bfa3,services.actor,available,72,23,8,,,
ee606920-aec6-4d99-87d9-cdd6fdae5847,services.adult,premium,72,23,8,,,
74117298-dcdc-40c3-893c-3ec02479b739,services.ag,available,72,23,8,,,
37c77036-717d-4f84-8173-ec8fe7d9b22a,services.airforce,available,72,23,8,,,
a19bf9bf-695e-4376-9130-00c022eb5124,services.apartments,available,72,23,8,,,
b8f41b5c-bb74-4618-9098-d81ec0ae73a3,services.army,available,72,23,8,,,
2f5327ef-395b-41c6-a3a4-2bbe7da9de72,services.asia,resell,72,23,8,"GoDaddy.com, LLC",04/07/2008 07:05,04/07/2026 07:05
7896e28b-f33a-429d-9610-64c56f6242a9,services.associates,premium,72,23,8,,,
34062282-5b12-4094-ba82-018dedb958bc,services.at,premium,72,23,8,,,
fe11b160-51be-48bd-9dcb-4bfe7c312f93,services.attorney,premium,72,23,8,,,
1692432a-ebe7-48d0-8e55-bd324dc38f87,services.auction,premium,72,23,8,,,
5badaf19-5d49-4152-b099-30db1afb73c8,services.audio,premium,72,23,8,,,
a17cfe93-3dfa-4bc2-82b1-f845949cea43,services.auto,available,72,23,8,,,
4420efb6-947c-4f23-88a9-3ec910ec3f06,services.autos,premium,72,23,8,,,
cf4ca5a3-e062-4c8d-bebd-2537c20f3c6f,services.baby,premium,72,23,8,,,
f0505b83-995f-4a4f-bd4b-017c0a1d2e18,services.band,available,72,23,8,,,
877dc392-318e-40a8-9061-7c8ef8fc1b77,services.bar,premium,72,23,8,,,
69b05676-699c-4e68-9239-d28348d089c8,services.bargains,premium,72,23,8,,,
a8edda00-e6fd-4f4c-b644-ad2845ca84f9,services.bayern,available,72,23,8,,,
8fc60820-843c-4c9e-8775-c110351f70ca,services.beauty,premium,72,23,8,,,
6a64be33-85b7-498e-a5e6-7ee36b94981a,services.beer,available,72,23,8,,,
48e4e3cd-dcce-4e3f-8032-514218d9ef63,services.berlin,premium,72,23,8,,,
220c79d4-0141-4786-a3dd-6a8c0cb315e4,services.best,resell,72,23,8,"Sav.com, LLC",21/09/2025 13:30,21/09/2026 23:59
6765d38d-cf7d-4674-9a54-0f9902aa70f1,services.bid,premium,72,23,8,,,
bc00e10f-8cf9-47e3-9a84-c371e5905557,services.bike,available,72,23,8,,,
27b47b0d-6474-476e-9172-e40809a5cb55,services.bingo,available,72,23,8,,,
06d5177f-6d6a-4bbe-a633-2397187da33a,services.bio,resell,72,23,8,"Sav.com, LLC - 42",20/09/2025 15:15,20/09/2026 15:15
44b8733f-a84f-410b-8c06-a5ce2716518d,services.biz,expired,72,23,8,"Registry Services, LLC",30/09/2001 19:16,06/11/2025 23:59
d1c93acf-98c2-48ea-9e5d-601317a1dc6a,services.black,resell,72,23,8,"Xiamen ChinaSource Internet Service Co., Ltd",05/07/2025 15:15,05/07/2026 15:15
1d7d6cba-6ddd-4514-94a7-c1934feded62,services.blackfriday,available,72,23,8,,,
f8d0d261-e90a-4e02-9e11-369028085973,services.blog,premium,72,23,8,,,
dd074743-83ec-476c-8634-619a9699f9de,services.blue,resell,72,23,8,"Spaceship, Inc.",01/06/2024 17:00,01/06/2026 17:00
8214a618-b5b7-49ed-a83b-5b2500674406,services.boats,premium,72,23,8,,,
b5cfdead-848c-442f-ab86-0cca2ceb1522,services.boo,premium,72,23,8,,,
ddd34243-54c7-44d1-9962-5e33fdb64c61,services.boston,expired,72,23,8,"GoDaddy.com, LLC",24/10/2017 16:43,24/10/2025 16:43
bd61a896-2d2a-47b0-a11f-e9416b62d51c,services.bot,premium,72,23,8,,,
9e45132a-43af-4da9-add9-b5120b316234,services.build,premium,72,23,8,,,
6b42bf96-3564-4ef4-a48e-1a25d71d2613,services.builders,premium,72,23,8,,,
a2107a97-eb9b-48e6-b777-6b72c3ca3469,services.business,expiring,72,23,8,"GoDaddy.com, LLC",18/12/2024 23:16,18/12/2025 23:16
aa9284f8-76c9-44fa-8379-8cfaaca4f5c3,services.buzz,premium,72,23,8,,,
13ebdbe2-6fb9-4020-aca5-bd2db6ceda2c,services.cab,available,72,23,8,,,
5199d781-bd30-46b9-9300-cf49e7eaad61,services.cafe,expiring,72,23,8,"Chengdu West Dimension Digital Technology Co., Ltd.",09/12/2023 15:15,09/12/2025 15:15
9a3fb5eb-7681-4d76-9662-e9f04f8c3870,services.cam,sold,72,23,8,"Spaceship, Inc.",08/12/2024 23:27,08/12/2026 23:59
d269a984-a9a8-4dcf-b562-c47302f5f05e,services.camera,available,72,23,8,,,
4a897a8b-4ff8-49cf-8fea-7e3d51b82922,services.camp,available,72,23,8,,,
8fd3e30c-1a99-4bd3-8e31-0d203ee483e8,services.car,available,72,23,8,,,
f62fb451-e628-4dd8-b897-64180451902d,services.cards,premium,72,23,8,,,
5c0c3c2f-f39a-4256-8655-0d85b8fd4979,services.care,premium,72,23,8,,,
53284fa6-86a9-43d2-bfef-f74b557c6ec2,services.careers,premium,72,23,8,,,
4c8ebeec-bec8-4590-9d42-9bfe43727bbc,services.cars,available,72,23,8,,,
5960fdb7-d9e5-480e-beb6-432bbb34baba,services.casino,available,72,23,8,,,
0b6b2afc-5638-4da5-b87d-31a430f626d7,services.catering,premium,72,23,8,,,
a78ce308-6480-4b15-9a49-54a8c1e8cd2b,services.ceo,expiring,72,23,8,OVH,06/01/2024 06:11,06/01/2026 23:59
ef4e2858-2c96-4c60-a9b0-13462ccc1155,services.cfd,premium,72,23,8,,,
fa8921ef-cce0-488e-bcd2-7db8803ba0c8,services.charity,available,72,23,8,,,
2cbb1ee0-dcff-49a4-a5ca-64405b5aaa15,services.chat,resell,72,23,8,Dynadot Inc,19/06/2025 08:12,19/06/2026 08:12
02c25b86-c55f-4adf-b5b2-bfa75c27070f,services.cheap,premium,72,23,8,,,
46917261-55b9-463d-b60a-ce0f98aac75d,services.christmas,premium,72,23,8,,,
242dbc3b-76e8-49ea-9d4b-d32a7950331c,services.claims,available,72,23,8,,,
91cc1b37-758e-40a5-85e9-686deccc3ffd,services.click,expired,72,23,8,NAMECHEAP,27/10/2023 02:38,27/10/2025 02:38
44ab0c67-60c3-4d75-95c9-6f129994d699,services.clothing,available,72,23,8,,,
4a85e913-c8a6-4708-90dc-f736d27e9a21,services.cloud,premium,72,23,8,,,
307dab41-8efa-44f7-ac41-8a1b513042f7,services.club,resell,72,23,8,"Spaceship, Inc.",18/12/2023 00:00,18/12/2026 00:00
022913c9-7fd9-4de1-be91-1ca8236fa9bd,services.co,resell,72,23,8,Hello Internet Corp.,25/02/2010 00:55,24/02/2026 23:59
b5233991-8aca-4501-98dd-e1141db44430,services.coach,resell,72,23,8,"GoDaddy.com, LLC",26/01/2019 12:13,26/01/2026 12:13
702f8f5c-9504-4fc9-871f-ba4096f7da29,services.codes,expiring,72,23,8,OVH SAS,06/01/2024 06:11,06/01/2026 06:11
c202cbc5-2c9e-4c91-b9db-ab07ebbfd1c0,services.college,premium,72,23,8,,,
0f38b784-3c95-42dd-b99f-2d99b915fce8,services.computer,premium,72,23,8,,,
d478bc00-1a3f-4738-92ad-f9f6357c0d50,services.construction,resell,72,23,8,"Sav.com, LLC",31/07/2025 21:56,31/07/2026 21:56
dcf319ea-ffd9-4c1b-8d5b-793c339ae347,services.consulting,premium,72,23,8,,,
2ad8f918-932e-430e-92bc-ea49277be336,services.cooking,available,72,23,8,,,
36dbf677-8b86-4a14-afb2-f2917a8741ff,services.cool,expiring,72,23,8,"GoDaddy.com, LLC",14/01/2019 17:19,14/01/2026 17:19
e66d985f-4550-4b9e-a670-26480153a393,services.country,available,72,23,8,,,
d786c6a1-4d9d-4fe8-9a22-3ddee4718b38,services.courses,premium,72,23,8,,,
803cc480-0cb9-4257-b3e7-740680ddd80d,services.credit,available,72,23,8,,,
53c0ecf8-4b30-4c55-a5d7-3d91351834d2,services.cricket,premium,72,23,8,,,
cda24125-fb69-45f9-bac2-fd730b97db64,services.cruises,available,72,23,8,,,
a762922e-225d-4148-bc49-aa0e9d237cd9,services.cx,resell,72,23,8,West263 International Limited,04/06/2025 00:00,04/06/2026 15:50
83ccd5ef-0c7e-4b28-bae3-30e26aa4fa2d,services.cyou,resell,72,23,8,Dynadot LLC,14/07/2025 13:05,14/07/2026 23:59
e1ea9d6b-8599-4c76-8400-413c0127d7d4,services.dad,premium,72,23,8,,,
f31be3c8-32df-40c3-8457-d60dfe952df7,services.dance,available,72,23,8,,,
b021995a-e9f7-4105-a448-d0e3ac61fe1b,services.date,premium,72,23,8,,,
a288d94d-f3c9-4f46-a1fb-a596b44fbb24,services.dating,premium,72,23,8,,,
ba841d96-f6f4-46df-aaff-c92f289dd5ab,services.day,premium,72,23,8,,,
b47c3188-3ceb-43a0-a294-4ee6f8942104,services.deal,premium,72,23,8,,,
6f610135-2cb3-4b6d-bccb-340ba55cf2ed,services.dealer,premium,72,23,8,,,
8fb9b078-be2f-4b67-92cd-41d94b4fa47d,services.deals,premium,72,23,8,,,
daaf7b18-4873-4e34-b8bd-1e5bba5f9708,services.degree,premium,72,23,8,,,
076f1f45-02bf-46c3-8a8f-84a694fb6e75,services.democrat,available,72,23,8,,,
fb8a4f3b-a92c-40b7-8c2b-3e5c478e2d7a,services.dentist,premium,72,23,8,,,
023ae0a2-dbc9-44c4-9811-b435b2b012f2,services.diamonds,available,72,23,8,,,
b8013e1d-254a-4e22-97a8-5ac556f1a5d8,services.diet,available,72,23,8,,,
afb9f77c-bd03-4d59-a2be-12b225f260df,services.digital,resell,72,23,8,"NameCheap, Inc.",13/09/2025 15:15,13/09/2026 15:15
84728526-805a-4fde-b559-46ee68c2bf3f,services.directory,sold,72,23,8,"NameSilo, LLC",12/12/2020 10:39,12/12/2026 10:39
084375db-02b0-48ec-95a5-e260efc53e71,services.discount,premium,72,23,8,,,
f80acfb1-04a5-43e2-85b4-602e7b02c5ae,services.diy,premium,72,23,8,,,
625db559-fdf7-4f58-b8fc-df3a5440e441,services.doctor,resell,72,23,8,"Spaceship, Inc.",04/10/2025 16:26,04/10/2026 16:26
9774d6f3-8edd-4818-9054-a132ae6ac078,services.dog,premium,72,23,8,,,
3b7b65cb-d1fe-40ad-884d-51c3aa954a90,services.download,premium,72,23,8,,,
6660bfc6-9250-498e-a85b-c4f80c9c349c,services.earth,expiring,72,23,8,"GoDaddy.com, LLC",10/01/2020 17:40,10/01/2026 17:40
62e34d52-33a6-4e92-b45b-5619f25c4885,services.email,premium,72,23,8,,,
87db70f7-ecd3-45e0-b2f7-03cc7297730b,services.engineer,available,72,23,8,,,
486696ad-c186-471c-9f53-9e877fd94c40,services.engineering,available,72,23,8,,,
44d7b8cc-c2d3-46b9-a477-c993e5b6b7ad,services.enterprises,available,72,23,8,,,
0d50a2b6-ced6-456d-915b-fe254a5b1639,services.equipment,premium,72,23,8,,,
6796b265-941c-47a9-b08c-3c8fc6e0d8d4,services.esq,premium,72,23,8,,,
5e6a644b-07fd-4150-8377-265bc94ce68f,services.expert,resell,72,23,8,"Sav.com, LLC - 31",03/12/2025 15:15,03/12/2026 15:15
b915f569-f464-4e67-9bac-5827fd02050e,services.exposed,premium,72,23,8,,,
a0708324-e6b3-46dc-a52c-3bef759d7cfb,services.express,resell,72,23,8,"Sav.com, LLC - 34",06/08/2025 15:16,06/08/2026 15:16
6a39c9e1-e353-4df1-8d60-e1e5a169fc13,services.faith,premium,72,23,8,,,
f99c0de5-745d-4ea7-baa2-629dcb0cd19e,services.family,premium,72,23,8,,,
90fbae58-15d2-4a45-9f52-d5cd62107466,services.fan,premium,72,23,8,,,
f3a550b0-fc46-478a-8a28-cbbcb73b6f73,services.fans,premium,72,23,8,,,
f620e0fe-7918-468b-8277-c3db0d4db17b,services.fashion,premium,72,23,8,,,
5642176c-db70-4719-93bf-d4618c11644d,services.fast,premium,72,23,8,,,
4fb8f739-3c33-445b-a77e-50da931b8f82,services.film,premium,72,23,8,,,
528006d2-97ce-4e29-aff0-18f47b1af431,services.finance,premium,72,23,8,,,
3ec06b62-2716-466b-baba-e8e1f7476016,services.financial,premium,72,23,8,,,
0a32afe6-6cc9-45af-a0f6-af530fe648b6,services.fish,premium,72,23,8,,,
464f800e-e59e-42b0-88bc-81440d4ce654,services.fishing,available,72,23,8,,,
766f256d-2486-4bee-b192-42f3bf6821b4,services.fit,premium,72,23,8,,,
3448667e-0bb7-41d9-97e9-a8d93f1f02e8,services.fitness,premium,72,23,8,,,
0aef71fd-fc18-481b-9c7d-c348b33966df,services.flights,premium,72,23,8,,,
78d9bdeb-fe2b-4531-8961-3aeba0763622,services.florist,available,72,23,8,,,
2c78c724-db1e-4d6f-b96d-72d5c8a43438,services.flowers,premium,72,23,8,,,
348e403d-051c-4538-ada0-9a601c96d491,services.foo,premium,72,23,8,,,
cd66ba08-f273-4be8-b972-4f0d8eda234b,services.food,premium,72,23,8,,,
6cf03c56-b355-4b01-8f0f-f47a5a39c9c0,services.football,available,72,23,8,,,
509cbad3-a349-43fb-9973-b0b7f15703bb,services.forum,premium,72,23,8,,,
c0f204e7-12d1-4b45-adfb-83bc2a098bb7,services.foundation,premium,72,23,8,,,
80f4e3d9-e578-4327-9f85-25b3d7f87f2e,services.free,premium,72,23,8,,,
70211880-3d84-4edb-82b7-4b53904210d5,services.fun,premium,72,23,8,,,
897669fa-8916-4bad-97ce-2a0db857bd98,services.fund,premium,72,23,8,,,
6427384d-2c7c-4061-a1f2-caabd466614b,services.furniture,available,72,23,8,,,
60d7b5ff-1318-4c73-8aca-7d7b322b73f2,services.futbol,available,72,23,8,,,
a825848a-9f53-493c-96e2-fd22c1a0b4b6,services.fyi,expiring,72,23,8,Porkbun LLC,21/12/2024 18:47,21/12/2025 18:47
1d2f68c3-b0ad-4569-9fb0-5ca21cc99b9d,services.game,premium,72,23,8,,,
e793c50f-e950-420e-8ef1-e9597999770f,services.games,resell,72,23,8,"DNSPod, Inc.",07/10/2023 15:15,07/10/2026 15:15
656168ea-687c-4354-9b72-5b2b7b08a2fe,services.garden,premium,72,23,8,,,
4126d0eb-9ae5-46c5-9576-d1e080b6749c,services.gay,available,72,23,8,,,
6d794ed3-0a19-4037-ab21-bb3dbfc39082,services.gift,available,72,23,8,,,
52275e86-57d5-48a9-ba5a-08f031d0ba3f,services.gifts,premium,72,23,8,,,
291efc8b-97c0-4622-b1a8-37a7ff535b06,services.gives,available,72,23,8,,,
88141780-3b7d-48ee-9cbf-043f538712f3,services.giving,available,72,23,8,,,
6a12ec40-99ed-443d-8d07-2faf46fc64d4,services.glass,available,72,23,8,,,
55571bd7-8035-49af-8ec3-07b52d4adf03,services.global,premium,72,23,8,,,
5a71ccd9-b2bf-4b5c-a71f-de0ab9c82e25,services.gold,premium,72,23,8,,,
1d8419d2-cafd-4919-8999-1cd2c775d2dc,services.graphics,premium,72,23,8,,,
02dc0cbb-7e94-41bc-872f-59a6e2617c13,services.gratis,premium,72,23,8,,,
c569e2e3-0581-47a8-b3e7-bcebe450ae15,services.gripe,premium,72,23,8,,,
fefa99b6-790f-4711-a499-e4e2dca8c5cd,services.guitars,available,72,23,8,,,
10d815f2-7ea8-4536-9d15-108cdc09aeee,services.guru,premium,72,23,8,,,
74181abd-d3f1-469b-8e17-3e78f927c5dd,services.hair,premium,72,23,8,,,
97814e16-5357-4ab9-8e7f-4b400cb831a1,services.haus,expired,72,23,8,"NameSilo, LLC",14/11/2024 19:57,14/11/2025 19:57
6c2e4058-2786-420f-8b5d-be766996642c,services.health,premium,72,23,8,,,
2db969b6-06f2-442d-b2c3-26e2b67a943f,services.hiphop,premium,72,23,8,,,
6d205cff-27bf-4d26-8bc8-a15ef646d3d5,services.hiv,premium,72,23,8,,,
f8ac5cf1-272d-486e-ae23-6c3f644b4c8b,services.hockey,available,72,23,8,,,
85a233f2-e141-4205-a6fa-56838d63f6a6,services.holdings,premium,72,23,8,,,
147d05a8-9d18-4567-b4f9-6f051fcfed5a,services.holiday,premium,72,23,8,,,
180c7bc0-0ce1-458a-bf43-ee8a95ac1fa1,services.homes,premium,72,23,8,,,
623fa720-54b9-4009-9acf-cb940c4d9e6b,services.horse,premium,72,23,8,,,
5dfac10a-b617-4cda-adc5-24b7893fba88,services.hospital,available,72,23,8,,,
a0d461cb-f74c-4290-a640-f6a7f9bad478,services.host,premium,72,23,8,,,
8d57a187-113e-4772-8734-fbfa2ffa1af0,services.hosting,available,72,23,8,,,
073483ff-a822-4616-b362-b2fa9fbba21d,services.hot,premium,72,23,8,,,
13f49478-b7bf-4066-9587-b69151ff3a29,services.house,resell,72,23,8,Virtualia LLC,17/05/2024 15:15,17/05/2026 15:15
6d3355e4-c520-41c1-8a06-b01133a27d5c,services.icu,premium,72,23,8,,,
e051394c-a27a-4a70-a0cb-9a1acde9fd1b,services.id,resell,72,23,8,PT Registrasi Nama Domain,16/05/2018 04:57,16/05/2026 23:59
38b09af8-259f-4925-8cbf-ca61874d548d,services.im,premium,72,23,8,,,
fd1238da-806b-4f00-bbde-76d82f0080f1,services.immobilien,available,72,23,8,,,
74b879ff-d989-4dd6-9e9b-c44c10a82031,services.industries,premium,72,23,8,,,
b1d1dd1b-d6d7-4f09-a7b8-25e4a71d1073,services.info,resell,72,23,8,Dot Holding Inc.,17/10/2022 13:15,17/10/2026 13:15
4260fddb-d534-41e6-9243-8bb4cb730165,services.ing,premium,72,23,8,,,
1c93a90c-cc19-430c-a65d-2e6ad4a29be9,services.ink,resell,72,23,8,"DNSPod, Inc.",07/01/2024 00:00,07/01/2027 00:00
9a485503-2175-4358-9b78-e628b4f2837e,services.institute,premium,72,23,8,,,
0d28480d-e348-47df-bcaf-3327d94e375e,services.international,resell,72,23,8,"Spaceship, Inc.",11/05/2023 15:15,11/05/2026 15:15
3689db0d-539f-4cac-b215-f8bfa9096830,services.investments,premium,72,23,8,,,
00503ed5-97fb-4898-85a4-6aeeb541d1c0,services.irish,available,72,23,8,,,
11331918-d1ff-4482-aa23-e144ad36cec7,services.it,expired,72,23,8,,04/01/2002 00:00,12/12/2025 00:00
c5b31b7b-d1d0-4085-ab03-0f1022ed6154,services.jetzt,available,72,23,8,,,
6f8b1ba9-a486-4715-a582-39acf5f7a291,services.jewelry,available,72,23,8,,,
ede19cc5-9786-495b-bc4c-285e6bd2f5b4,services.juegos,available,72,23,8,,,
5a87d6b9-2592-4cf2-b218-bc5ee21d26a1,services.kaufen,available,72,23,8,,,
676ac680-f08f-434b-a1da-bf6258255754,services.kids,available,72,23,8,,,
f45f3df4-e862-4f96-8982-4d4881bf6d39,services.kim,premium,72,23,8,,,
b88434d8-0ab0-43a9-826b-069a93f7a077,services.kitchen,resell,72,23,8,"GoDaddy.com, LLC",24/02/2014 02:00,24/02/2026 02:00
107b7dc3-82e7-4a2c-b2eb-db69ee758289,services.la,resell,72,23,8,LA Domain Names,05/06/2023 08:45,05/06/2026 23:59
920dfcf2-02c9-4840-8c9a-8439b946d724,services.land,expiring,72,23,8,"NameSilo, LLC",03/01/2023 00:03,03/01/2026 00:03
a275ff99-d161-46e8-b8ed-8664f37ebff6,services.lawyer,premium,72,23,8,,,
cb3becda-87f4-456b-86cc-f3da48a74d34,services.lease,premium,72,23,8,,,
c17b2342-7b5c-4f76-aaec-e32f06b20bf4,services.legal,premium,72,23,8,,,
a0e14090-2cae-43e9-adaf-48fc24049457,services.lgbt,premium,72,23,8,,,
553fdc4d-8423-49ac-aa18-bb6ff0024910,services.life,resell,72,23,8,"DNSPod, Inc.",10/07/2024 15:15,10/07/2026 15:15
6e79a7c6-e2fe-4a49-9977-c338bdff2fa0,services.lifestyle,premium,72,23,8,,,
c0db8bae-6053-4932-b519-c1fb5e263fbc,services.limited,premium,72,23,8,,,
1df33447-5ac6-4c34-8ca2-da83577f3da2,services.link,premium,72,23,8,,,
f0352005-1d0c-4024-82e0-8a89d7ab40de,services.living,premium,72,23,8,,,
0798c981-2bad-4118-802e-d94af72a10f5,services.loan,premium,72,23,8,,,
113baf98-da9b-4ab0-b214-87222f8cbbbf,services.loans,available,72,23,8,,,
00c0cdbb-1087-4b6c-a1f1-dee512d3254b,services.locker,premium,72,23,8,,,
ac2cdb38-5d6b-43eb-a4dd-6fe3a5b9be69,services.love,premium,72,23,8,,,
7bf5b73f-865d-4f99-a91a-0cbac0996ed0,services.ltda,premium,72,23,8,,,
73caeb57-dfd7-487b-b572-cd5281c93647,services.luxe,resell,72,23,8,Porkbun,21/07/2021 20:03,21/07/2026 20:03
3c671cb1-cbab-44f3-a786-a1e38f51f3cc,services.luxury,premium,72,23,8,,,
0a0f55a7-079a-4041-8ca4-c2e2e3bb8468,services.makeup,premium,72,23,8,,,
64b64e7d-23e7-4e16-843c-73fde085fd0b,services.marketing,resell,72,23,8,Dynadot Inc,16/07/2025 17:00,16/07/2026 17:00
832c8112-2d67-463c-8aeb-329c70f83edb,services.mba,available,72,23,8,,,
8f272952-a3ed-4bed-9c94-95e5fa826841,services.me,resell,72,23,8,"GoDaddy.com, LLC",29/04/2008 18:02,29/04/2026 18:02
4b975c84-7418-4894-abb2-55e685a36833,services.melbourne,premium,72,23,8,,,
91ebcbb7-14b5-45b6-a6cd-7853258df354,services.meme,premium,72,23,8,,,
2df721bc-cca6-4715-b344-e0c7c3bbe713,services.memorial,available,72,23,8,,,
b000c665-cdd2-4b60-968b-42f7698dbc63,services.men,resell,72,23,8,"Spaceship, Inc.",01/03/2016 13:39,01/03/2026 13:39
702134f0-f25e-4bb0-9cfd-a278d747770b,services.menu,premium,72,23,8,,,
c0d91979-e30f-4503-b71e-ee5a986f6d87,services.miami,expiring,72,23,8,"GoDaddy.com, LLC",27/12/2021 21:29,27/12/2025 21:29
c4cdf736-cadb-4695-af19-99e23f7717e4,services.mobi,premium,72,23,8,,,
dffd3aaf-9194-42f4-ab0e-5760c35cdf21,services.moda,available,72,23,8,,,
315aaa55-e445-486c-a4ae-c207476ce3da,services.moe,premium,72,23,8,,,
a94e7122-5494-46b0-bfb6-8249e8fbac68,services.mom,premium,72,23,8,,,
b8902549-9cbe-4f1d-a621-8c42bac20b92,services.money,resell,72,23,8,"Spaceship, Inc.",07/07/2023 13:12,07/07/2026 13:12
7c42aa9c-5136-4581-84f0-0f5d491c2068,services.monster,premium,72,23,8,,,
ff9f924e-5b93-499e-8916-e5459e91b5e7,services.mortgage,premium,72,23,8,,,
3ee35e1f-b6cb-460d-aa36-dcadacb20778,services.motorcycles,premium,72,23,8,,,
e1177925-9515-46a9-ad5f-f811618fff23,services.mov,premium,72,23,8,,,
564e4a4c-33c5-468a-a0ec-30acb5c1f1ba,services.movie,available,72,23,8,,,
1f5286f7-19b8-44c7-9044-065dbec8051c,services.music,premium,72,23,8,,,
9c4cc991-f6b2-461e-8e60-01de1500f808,services.mx,available,72,23,8,,,
e47f767d-86d1-4102-8bde-9df0f2fa4a9d,services.network,premium,72,23,8,,,
85ff33f1-2880-4cd6-812f-d7dc27a68e4e,services.news,premium,72,23,8,,,
066eb3e6-58fe-4def-80c9-651875331a8f,services.ngo,premium,72,23,8,,,
8dfd08f6-01a4-49b0-a538-9c37e36a6b52,services.now,premium,72,23,8,,,
0fd76ce1-32db-4015-8d52-37e9547164cc,services.nyc,premium,72,23,8,,,
dcc04c94-be27-4fa5-8ec9-11b3f5ebfdf2,services.observer,premium,72,23,8,,,
c592b4c2-c56b-45e1-aea9-9d458c9fd96b,services.one,premium,72,23,8,,,
b9ed2654-c831-4c17-b431-f5b236201377,services.ong,premium,72,23,8,,,
2337ea68-b69d-4e1b-b102-43ee32f468ad,services.onl,sold,72,23,8,Dynadot Inc,15/12/2025 01:26,15/12/2026 01:26
3fe05864-07d9-4f83-b2b0-b45f83646628,services.online,premium,72,23,8,,,
57e1ac15-8ea5-47a9-ad68-3d502066d134,services.organic,available,72,23,8,,,
56ea035c-f93f-43f4-a89d-0658ca84b2c6,services.osaka,premium,72,23,8,,,
b27d4922-97f1-40fb-9f27-d343bfb9782f,services.page,premium,72,23,8,,,
e1047b86-0159-4a4c-a947-7ca86bb2f0af,services.partners,premium,72,23,8,,,
3d17df7b-ec89-4d3e-b3ef-663d7a4bd38c,services.parts,premium,72,23,8,,,
fd0ad9e6-7ad5-4ef6-b110-0066b42be416,services.party,premium,72,23,8,,,
c6e90f45-66a0-456a-89ad-0116222905a6,services.pet,premium,72,23,8,,,
c0b5699b-6e3f-46a5-b3a7-3696048ec625,services.phd,premium,72,23,8,,,
5748155e-9edb-49be-b181-deba28ced7bb,services.photo,premium,72,23,8,,,
42dcc9a3-fa5f-43ed-a4a6-9227adfb9813,services.photos,available,72,23,8,,,
a270f3c7-2b70-484c-b0bf-ed4e665be4a1,services.pictures,available,72,23,8,,,
00670fbb-9f2b-49d0-8976-ea4aa9658d65,services.pizza,premium,72,23,8,,,
c19d2ed8-eb1a-4a1d-a4fe-9bf38b459eef,services.place,premium,72,23,8,,,
7df433a0-23ce-477c-8f7c-d8f3cec81913,services.plumbing,premium,72,23,8,,,
927ded9d-cd53-4594-86e3-8265130359f2,services.poker,available,72,23,8,,,
9f4bfdeb-be04-4cb1-a904-40e0d021b2a7,services.porn,premium,72,23,8,,,
25ec1de9-c983-43f0-abb5-3e3daebc57b9,services.press,premium,72,23,8,,,
38fb37d8-91f2-4615-8f0f-2d0adaf4c63a,services.productions,premium,72,23,8,,,
48ddce31-1f47-40cb-a8ee-8206b42fd651,services.prof,premium,72,23,8,,,
bcdf22c4-454b-45e6-83a4-de65ec497623,services.promo,premium,72,23,8,,,
41fb0b34-1127-4e81-9dd2-5208ce5b47a8,services.properties,available,72,23,8,,,
3caaf038-3505-4b91-8a1b-e0829ac496b0,services.property,premium,72,23,8,,,
708616ec-2593-42a1-a59e-84f536f42316,services.protection,available,72,23,8,,,
a2d1a04b-429f-4e7b-ae24-896385aec29d,services.pub,resell,72,23,8,"DNSPod, Inc.",20/01/2020 16:30,20/01/2026 16:30
7559422d-9d31-478c-8d53-79fc50f6e956,services.pw,resell,72,23,8,"CHENGDU WEST DIMENSION DIGITAL TECHNOLOGY CO., LTD.",26/09/2021 08:18,26/09/2026 23:59
5eca5da3-c5f6-4cfd-8005-fda22468779c,services.qpon,available,72,23,8,,,
c92d5bbd-706c-4a62-a931-4a4358895a80,services.quest,premium,72,23,8,,,
42c90aa4-d323-4f1f-94a4-884926036dcc,services.racing,premium,72,23,8,,,
a4422535-0dc3-4c99-ab67-d299e74692b2,services.realty,premium,72,23,8,,,
e0ac2879-4e1a-43f8-87d9-4494fe06f33d,services.recipes,available,72,23,8,,,
06e61fd0-7b08-49f0-8cd0-6b4cefb50cfa,services.rehab,premium,72,23,8,,,
4719e970-899b-41e4-8458-1203663440da,services.reise,premium,72,23,8,,,
ce0d4a5e-8ee8-460a-8f96-4f75bba0655e,services.reisen,premium,72,23,8,,,
51a962ae-d866-45bb-9331-87f3f41ee016,services.rent,resell,72,23,8,Namecheap,24/03/2025 18:40,24/03/2026 23:59
fc993a05-7dbe-48e6-a0ec-fb4bbd091052,services.rentals,premium,72,23,8,,,
f3ab9a43-3d16-4188-90c2-fc85a3aa611c,services.report,premium,72,23,8,,,
c322758f-424a-4880-9efd-a21ab0e94120,services.republican,available,72,23,8,,,
01082959-7a74-4956-a2f0-68508da0640c,services.rest,premium,72,23,8,,,
fe12f30f-1e5e-47ce-a74d-184504ff6cf6,services.restaurant,available,72,23,8,,,
a4f45f20-c287-457b-b4f7-adb66b5f434e,services.review,premium,72,23,8,,,
f3e7fc0d-1c4e-4c5a-a2da-a97bc5caba31,services.reviews,premium,72,23,8,,,
e5ec8de9-f95e-4476-a7ba-b4a9f1f0fd3a,services.rich,available,72,23,8,,,
16e34d7b-2be7-49bc-8963-193a8ea60257,services.rip,available,72,23,8,,,
b4410301-089f-4f3c-b296-a718479518b6,services.rodeo,premium,72,23,8,,,
80fa8e6a-f558-421d-bae0-aaa75d30fa30,services.rsvp,premium,72,23,8,,,
f9da8f11-32af-4ee0-a67d-c56aa7613a91,services.run,resell,72,23,8,"DNSPod, Inc.",06/11/2019 09:12,06/11/2026 09:12
15ecaa1b-8000-43ec-bcad-e5ca80da1dc2,services.sale,premium,72,23,8,,,
895f4d85-b316-4256-8a57-96064300f7c0,services.salon,available,72,23,8,,,
1f6c2a99-260f-41ff-80a8-958fb429b2d2,services.sarl,available,72,23,8,,,
eadfcbb1-4e1a-42de-aa5a-addf771e0374,services.sbs,premium,72,23,8,,,
b983b2dc-099a-48fd-ab5f-a2b168a574cc,services.school,expiring,72,23,8,"GoDaddy.com, LLC",04/01/2021 18:31,04/01/2026 18:31
b773f469-10b1-4ff7-a47d-ff944378f42f,services.science,premium,72,23,8,,,
87ed6a2c-6b63-4bec-8201-c8b951574004,services.security,available,72,23,8,,,
c7cc118d-b4bc-4dc5-8f89-4a29db5754ca,services.sexy,available,72,23,8,,,
b111f7e1-1dd5-40b7-94b6-5c0c987288bd,services.shiksha,available,72,23,8,,,
5cdc9e0c-65b1-4dee-9f65-c466aee28830,services.shoes,premium,72,23,8,,,
dbbaee39-7422-4ccc-ab52-8c2614a0e328,services.shopping,premium,72,23,8,,,
c57a9b9b-c77e-4f63-972f-2f79df75c6aa,services.show,resell,72,23,8,"DNSPod, Inc.",10/06/2020 22:08,10/06/2026 22:08
1c48e4c2-d88d-40c4-b348-7fafab7c87d9,services.singles,available,72,23,8,,,
8b854c9a-c05e-4fc6-b080-761d5753cf41,services.site,premium,72,23,8,,,
4d63f3af-9edc-4dd0-89d1-6f4c7674e928,services.ski,premium,72,23,8,,,
15af7f26-1a6f-40f9-9903-de9a040e37b1,services.skin,premium,72,23,8,,,
3655d10e-5fcc-4a13-b5c3-60a65e8cca1a,services.soccer,available,72,23,8,,,
2b167ffc-3656-4145-ad6e-e9443a12bba4,services.software,premium,72,23,8,,,
a68de3b9-cf51-4e3e-96a8-e1a32f89cdc7,services.solar,resell,72,23,8,"Sav.com, LLC - 15",13/08/2025 15:15,13/08/2026 15:15
7e7ad1e7-4b7e-4507-a7c8-be4af5ad51a6,services.solutions,resell,72,23,8,"Spaceship, Inc.",10/05/2021 08:13,10/05/2026 08:13
c2ee0eec-91de-4883-80a3-60efd8ee5c68,services.soy,premium,72,23,8,,,
cc2b561f-1640-4620-b0ae-c235e5079085,services.space,premium,72,23,8,,,
a0a5ab1b-100c-4b4e-a327-33525c519862,services.spot,premium,72,23,8,,,
67621e8e-0fd4-4f38-9287-9bba31c14ae1,services.srl,available,72,23,8,,,
41e04ec8-5570-4c23-b7d0-d44c047351c0,services.storage,available,72,23,8,,,
224a0751-cdda-4221-a952-af441532c412,services.store,premium,72,23,8,,,
d908f22d-4233-4e6c-88fc-80ad118644fa,services.stream,premium,72,23,8,,,
c8472c42-9fed-4516-a32c-a370ddc9050b,services.study,premium,72,23,8,,,
c2ee3fa2-c611-4025-aaf9-8c2f499e9e38,services.style,premium,72,23,8,,,
fdd41f95-8409-472b-89f1-4071cddb9dbd,services.sucks,available,72,23,8,,,
eb2a0cb3-9f52-482a-a56e-d22fcbe0d052,services.supplies,premium,72,23,8,,,
a2fe8108-c1fa-4d4c-9d83-d9aae09de8e5,services.surf,premium,72,23,8,,,
e7a66cc9-3976-42fb-a1f8-42077355bc82,services.surgery,premium,72,23,8,,,
338ef27c-f638-4a58-b02b-85343863c6e6,services.sydney,premium,72,23,8,,,
11ea52fd-1caa-4007-9095-6d7140883e71,services.talk,premium,72,23,8,,,
5f150819-7072-4ba5-9893-f6f605bd3b9a,services.tattoo,available,72,23,8,,,
eee6b5a8-fa2f-412c-821f-103a459e617b,services.tax,resell,72,23,8,"DNSPod, Inc.",18/10/2021 13:15,18/10/2026 13:15
82565682-d00e-4c5d-9d30-73f6a1b056af,services.taxi,available,72,23,8,,,
e75868ea-a536-435c-a269-be3e87321d88,services.tech,premium,72,23,8,,,
171efff4-d0f4-4b79-b3a0-351a11c79e61,services.tel,resell,72,23,8,"Name.com, Inc.",25/05/2014 18:30,24/05/2026 23:59
6f962451-cce8-4072-893f-8d2fd02599f1,services.tennis,available,72,23,8,,,
d78b837f-b665-4a02-be3a-0c25b33399df,services.theater,available,72,23,8,,,
82ed544e-aafa-47d3-b76e-369839c9d6da,services.theatre,available,72,23,8,,,
2d77d6c0-af18-4965-9cec-31193e4f3ccf,services.tickets,available,72,23,8,,,
3a7a9655-f568-4964-86e4-b4a97055a3e1,services.tienda,available,72,23,8,,,
c2ca9e56-7ffe-4722-827a-4c7914657493,services.tips,premium,72,23,8,,,
bf8bc984-7029-4f0d-97cb-a18e33b9e006,services.tires,available,72,23,8,,,
983033d9-5fa1-49a5-8b4e-06b6540d1773,services.to,resell,72,23,8,NAMECHEAP,07/07/2023 02:27,01/08/2026 00:00
91f1552b-9131-468d-8f60-371ff55b2dbb,services.tours,available,72,23,8,,,
c6b3c3d7-79a1-4900-82e7-7b85574e4485,services.town,available,72,23,8,,,
c2c036b0-8592-4309-8095-8bc8894eaf34,services.toys,available,72,23,8,,,
6608e06b-cad1-4213-afba-a08ee0d36eaf,services.trade,premium,72,23,8,,,
aa21af7b-95c4-4b85-aca9-09cad6e73bdf,services.tube,resell,72,23,8,"GoDaddy.com, LLC",10/04/2019 22:14,10/04/2026 22:14
18ce245d-0131-40ee-ad8f-51e33183645b,services.tv,premium,72,23,8,,,
ab8c1e7d-968b-4912-b04d-bec0d473dd90,services.uno,premium,72,23,8,,,
89de4592-bc47-4da5-a08a-8c0736364f88,services.vacations,premium,72,23,8,,,
7d4aa8f1-e4ce-4427-a5fb-37240643e25b,services.vana,available,72,23,8,,,
e65c2629-2635-4d87-8c84-379205a2ecc4,services.vc,resell,72,23,8,Dynadot Inc,17/08/2020 00:07,17/08/2026 00:07
d065bb8c-72a8-4a43-960e-4debe4973161,services.vegas,expiring,72,23,8,"GoDaddy.com, LLC",27/12/2021 21:29,27/12/2025 21:29
45261e83-c614-4f1c-b53c-dd7991c87ef0,services.ventures,available,72,23,8,,,
8ff46a06-9946-4d44-8c29-abfb3da811d5,services.vet,premium,72,23,8,,,
11490c5a-175b-4e3f-a16e-ab5ccda75a47,services.viajes,available,72,23,8,,,
a7885100-c3de-449f-b28b-d81aa1a4ec31,services.video,premium,72,23,8,,,
12612881-9b0c-4fad-951c-ae88ef52d691,services.villas,premium,72,23,8,,,
bc771cca-4e78-4be9-8e13-2d814f85e01e,services.vin,expiring,72,23,8,Dynadot Inc,06/01/2023 21:10,06/01/2026 21:10
d47e7f80-d717-44ff-a426-d4dea6bc002d,services.vip,premium,72,23,8,,,
86744e32-b379-4139-a6e7-943be3e82e84,services.vodka,available,72,23,8,,,
3a76b852-b4f4-4b91-90e7-1abde1b0d2c2,services.vote,available,72,23,8,,,
e08216fb-8bf9-49d9-ad4f-57706217c771,services.voting,available,72,23,8,,,
519044e8-8575-4812-ad04-11e516f4b131,services.voto,available,72,23,8,,,
0c69fca4-646c-4935-9145-314624186752,services.voyage,premium,72,23,8,,,
82a57bb5-fe09-4b7c-bf44-795b0132c8b8,services.watch,premium,72,23,8,,,
3a8a03de-d911-4992-bb97-18876d439e73,services.webcam,premium,72,23,8,,,
b3f9f207-c9f3-4ec5-8fe5-bb63e0f275a4,services.website,premium,72,23,8,,,
ba333434-1c86-4256-8555-d31eb81ff843,services.wedding,premium,72,23,8,,,
2558d488-7617-4172-82e9-cb5dcf9598e1,services.wiki,resell,72,23,8,"DNSPod, Inc.",27/06/2022 00:00,27/06/2026 00:00
db09912a-d3b9-4eb1-9998-84d91ba4223d,services.win,premium,72,23,8,,,
0ae88c32-d9e6-45f0-bd4f-7831c7dbfbaf,services.wine,available,72,23,8,,,
a5e582cf-2b61-484f-a00f-f4855cbd1fb3,services.work,premium,72,23,8,,,
e900bffa-5ecd-4a9e-90a3-ae410580b9e0,services.works,premium,72,23,8,,,
368fdc57-a45b-429e-a5b9-bef1ab7b8ccf,services.world,expiring,72,23,8,Cronon GmbH,14/01/2015 16:00,14/01/2026 16:00
c0dfb676-0fd7-496a-8bdb-7abf882f6c7a,services.wtf,premium,72,23,8,,,
276b49f8-d77d-4d96-ad22-9020616a0fa0,services.xyz,resell,72,23,8,"Spaceship, Inc.",16/11/2021 04:14,16/11/2026 23:59
220870a0-7dc4-495b-92e7-e518ea5ed8c0,services.yachts,premium,72,23,8,,,
574eb8e1-13c6-4089-870c-7686ebd97c0e,services.yoga,available,72,23,8,,,
53e05ad9-e12a-4de7-8d46-f0602468093e,services.you,premium,72,23,8,,,
c4445b4f-e4cc-4759-bfb2-3325b4f493e8,services.zip,premium,72,23,8,,,
c8b82e69-2f69-440e-abff-c44b69e17f02,services.zone,resell,72,23,8,"DNSPod, Inc.",18/08/2020 03:13,18/08/2026 03:13
41043b94-b0fa-495d-acd4-cb09b2272258,air.academy,premium,84,36,3,,,
2ddac549-ad29-4fef-9f33-100686d4d693,air.accountant,premium,84,36,3,,,
78b2075e-b900-4ef7-ade3-10b5e3c7bb94,air.accountants,available,84,36,3,,,
d3d21de7-4021-4cd1-a7f4-f44557b87319,air.actor,available,84,36,3,,,
0e7e202c-20e4-4001-a1b4-4f572b87396d,air.adult,premium,84,36,3,,,
289c513c-d92b-42d1-bbe4-51506de51fd4,air.agency,expiring,84,36,3,"Regional Network Information Center, JSC dba RU-CENTER",26/12/2015 19:51,26/12/2025 19:51
a85b9e51-3f59-4a6c-90c4-1631c1f96407,air.airforce,premium,84,36,3,,,
5538df35-377e-4589-b35c-3a0cc4e9d186,air.apartments,premium,84,36,3,,,
ffce9cd8-9b73-47f3-998c-84271b63d7f3,air.archi,resell,84,36,3,Porkbun LLC,11/03/2025 20:00,11/03/2026 20:00
f0c7bdc5-8603-424c-8e74-b75c24f557a4,air.army,premium,84,36,3,,,
5bd2049b-9e6b-42f3-bee6-f48f92dfe9c3,air.associates,premium,84,36,3,,,
d690b454-f970-4843-b240-b1dc57ec8d04,air.at,sold,84,36,3,Streams Telecommunicationsservices GmbH ( https://nic.at/registrar/248 ),,
972af406-1dad-4c85-a271-520e70424665,air.attorney,premium,84,36,3,,,
0e3b40a3-33f1-4727-9956-290c0f65f4e3,air.auction,premium,84,36,3,,,
499f06f5-79a1-402b-a5af-296945d1852c,air.auto,available,84,36,3,,,
62eab5eb-01eb-407b-b5b2-fd57aaf9e745,air.baby,expired,84,36,3,"CHENGDU WEST DIMENSION DIGITAL TECHNOLOGY CO., LTD.",28/10/2024 15:27,28/10/2025 23:59
538cdfe8-17d0-4fe0-85c8-908d86170af2,air.band,expired,84,36,3,"GoDaddy.com, LLC",29/10/2024 04:15,29/10/2025 04:15
f80b9e25-4077-48d0-8388-916eb5266921,air.bargains,premium,84,36,3,,,
b1d3a6b0-f9b1-4b25-9525-80b6b6fac6ef,air.bayern,premium,84,36,3,,,
2469feb8-510c-47cd-8a07-1dee5e531b8c,air.beauty,resell,84,36,3,"Spaceship, Inc.",03/03/2021 05:10,03/03/2026 23:59
4d8ae14f-5c9b-43c3-b2b4-b45f94a16ce7,air.beer,premium,84,36,3,,,
f186ab33-ffb8-4189-b570-01243b692100,air.berlin,expiring,84,36,3,,19/12/2014 12:43,19/12/2025 12:43
0c6c1e1f-20df-445b-a624-b41602e243c6,air.bike,sold,84,36,3,Dynadot Inc,20/05/2016 05:22,20/05/2026 05:22
4c92e519-aaa8-408e-b03e-2e0479fe8287,air.bingo,sold,84,36,3,"NameCheap, Inc.",24/11/2025 12:01,24/11/2026 12:01
bd1e8e32-cdb6-4923-a133-fdb5d322bfab,air.black,resell,84,36,3,"NameCheap, Inc.",21/05/2015 04:45,21/05/2026 04:45
9daf3d2f-b12b-425e-bae6-00c29d4b80b8,air.blackfriday,premium,84,36,3,,,
106f0a84-13c5-4e4e-aa10-d00ba1f3671d,air.blog,premium,84,36,3,,,
4c86f679-cb39-4b4f-84b5-cd3abd4823bf,air.blue,resell,84,36,3,"Xiamen ChinaSource Internet Service Co., Ltd",09/10/2025 15:15,09/10/2026 15:15
53743ee1-f110-45ce-9aa0-188f2d0d90ed,air.boats,sold,84,36,3,Dynadot LLC,30/08/2023 08:21,30/08/2026 23:59
6662209e-ff96-4817-91c4-2078c446856b,air.bond,premium,84,36,3,,,
426c50bc-9dad-456a-9197-9a96052a961a,air.boo,premium,84,36,3,,,
4e144c4a-3ffb-4f8f-bbc2-7cc76226c04f,air.boston,premium,84,36,3,,,
287c457d-caf8-4955-b46a-2a250709dc75,air.bot,resell,84,36,3,Porkbun LLC,17/11/2025 12:43,17/11/2026 12:43
b2c23bb7-c247-44dc-acf0-dc30ddf4189b,air.boutique,resell,84,36,3,"Sav.com, LLC - 22",02/06/2025 15:15,02/06/2026 15:15
12b91efc-fa8e-44f0-a972-32b6fdbfd6be,air.builders,premium,84,36,3,,,
1b7055da-f2e6-4c26-9743-fc847a3f514c,air.buzz,premium,84,36,3,,,
bcbf7ae1-b35f-4054-b59c-09d9a6048224,air.cafe,resell,84,36,3,"Sav.com, LLC - 13",06/11/2025 15:15,06/11/2026 15:15
813142f6-4ba6-4aac-84bd-3c6992734874,air.cam,premium,84,36,3,,,
b1399ec6-98c2-4b9d-b303-5f5c2fcfe132,air.car,available,84,36,3,,,
2db52450-3f1b-4659-8665-3877e5ff11f0,air.cards,sold,84,36,3,OVH SAS,09/11/2025 22:30,09/11/2026 22:30
ae4a0040-97b4-4e6b-9b53-03cecec54bee,air.cars,available,84,36,3,,,
5fe89be8-70d0-401c-a74d-f1169165b1a6,air.casa,resell,84,36,3,"NameCheap, Inc.",27/04/2021 00:41,27/04/2026 00:41
b378e418-b828-4a66-9540-be24408363af,air.casino,resell,84,36,3,Dynadot Inc,27/05/2024 17:00,27/05/2026 17:00
2c9cff17-ee53-4753-8d46-977b7d20d19a,air.ceo,resell,84,36,3,"Spaceship, Inc.",01/02/2025 17:19,01/02/2026 23:59
3199f30c-10a3-43fc-b741-d8bd8349cbb8,air.cfd,premium,84,36,3,,,
71b31fde-23bb-4174-b515-641a2e88316a,air.charity,premium,84,36,3,,,
76357110-68a3-4887-a66e-8c9493248a55,air.cheap,premium,84,36,3,,,
78fbbef6-7be6-4559-b5ad-84bbda77ac16,air.christmas,sold,84,36,3,Namecheap,05/09/2025 11:08,05/09/2026 23:59
e1118ce4-53ad-40ab-b7c7-4e920a0f8624,air.claims,expired,84,36,3,Porkbun LLC,12/10/2022 16:37,12/10/2025 16:37
84be71d8-9137-4243-80ca-b40f40d58030,air.cleaning,resell,84,36,3,Porkbun LLC,20/01/2025 23:11,20/01/2026 23:11
4a4371a4-323d-44c6-8025-ff16629bab57,air.click,sold,84,36,3,"Dynadot, LLC",09/02/2021 08:31,09/02/2026 08:31
2ffd333e-5e95-4806-b8fb-c0e3dcf7d305,air.clinic,premium,84,36,3,,,
4e1f3f6f-8977-470a-8ad6-2fcc067e99e2,air.clothing,premium,84,36,3,,,
3ad76d56-c4b1-4177-ab15-45ace4d06d0d,air.cloud,premium,84,36,3,,,
ceea7e15-1d82-4d41-a6bc-ba1e7c3c3ba8,air.company,resell,84,36,3,"GoDaddy.com, LLC",11/09/2019 18:12,11/09/2026 18:12
c1cc2329-7afc-47d7-9e01-6e6ef5c1f4fa,air.computer,resell,84,36,3,"Sav.com, LLC",08/06/2024 18:48,08/06/2026 18:48
7fd478fb-bb6b-43c4-99be-deb1b6071364,air.condos,available,84,36,3,,,
951223dd-63b4-47e3-905f-4414d465c36a,air.construction,premium,84,36,3,,,
6422a418-7ceb-4cf6-ae50-9b4348a3d0d6,air.consulting,resell,84,36,3,Dynadot Inc,08/07/2021 23:17,08/07/2026 23:17
c6697509-22b9-4067-b3e5-ca18e9c29f3b,air.cooking,premium,84,36,3,,,
0ca2b2ec-e5bb-4a82-9457-a7d70140d5d6,air.country,premium,84,36,3,,,
94879915-c5a5-438f-82f0-931e068fa282,air.courses,premium,84,36,3,,,
7b7e04ce-66c6-42c1-8707-878dcecdf052,air.credit,expiring,84,36,3,"Sav.com, LLC",28/12/2024 18:16,28/12/2025 18:16
6f1b587d-ebfb-440a-9d1a-8bd8b15b0acb,air.creditcard,premium,84,36,3,,,
f591a098-a300-4196-be39-727043f461a0,air.cricket,premium,84,36,3,,,
e2eef333-4285-4082-8c45-ce970b19c13b,air.cruises,premium,84,36,3,,,
74421ece-8114-467a-bed7-581cdd9a0f5d,air.cx,resell,84,36,3,CentralNic Ltd,13/02/2005 00:00,14/02/2026 13:00
90b2b5a5-4cee-4480-aa2c-8beb7b8a2c7a,air.dad,premium,84,36,3,,,
06da8bc8-fedf-4278-a252-a47870ac6cc7,air.dance,sold,84,36,3,Dynadot Inc,21/05/2014 17:00,21/05/2026 17:00
53e82e2d-04c8-43bb-983c-60061776e5e7,air.dating,premium,84,36,3,,,
bbfc6e2d-dbd6-461b-a5e8-4b617ae700b5,air.day,expiring,84,36,3,Porkbun LLC,17/12/2024 20:18,17/12/2025 20:18
8baccb19-7214-4a6e-9313-36b729894b43,air.deal,premium,84,36,3,,,
14e9c4dd-8fec-4db9-979a-526b99d8eaa2,air.dealer,premium,84,36,3,,,
080a42ba-6830-4a6f-ae9a-56476d504703,air.degree,available,84,36,3,,,
88309c3a-e006-4b72-b48e-cc0b6097bb58,air.delivery,resell,84,36,3,"Sav.com, LLC",16/05/2018 12:59,16/05/2026 12:59
d1fe2e50-c20c-4d60-b952-e668a101fb8e,air.democrat,available,84,36,3,,,
9a463a8f-382f-42e4-b529-9b9d749781ed,air.dental,premium,84,36,3,,,
62de695c-c8c2-4d0d-8c11-92b7ca5e390c,air.dentist,premium,84,36,3,,,
ab10f694-0a28-4ec4-874a-f4de071cdc13,air.design,premium,84,36,3,,,
3dae8a8b-d694-46e0-8ff1-145598d322b1,air.dev,sold,84,36,3,"GoDaddy.com, LLC",26/03/2019 16:06,26/03/2028 16:06
bddc6ce9-caf4-49d2-a62d-39e9bd3cf72b,air.diamonds,available,84,36,3,,,
ac6ed96c-bff4-4c18-a28d-b5c74122b15a,air.diet,sold,84,36,3,Namecheap,21/11/2025 14:08,21/11/2026 23:59
069bdac9-0fc2-40d4-9a12-d66ce92716ce,air.discount,premium,84,36,3,,,
104a4135-7020-4a0f-8e43-c8945201c048,air.diy,premium,84,36,3,,,
93289a24-08db-4be4-9e5e-d335361756c7,air.doctor,expired,84,36,3,"NameCheap, Inc.",03/10/2024 20:19,03/10/2025 20:19
fa5fdadc-9f21-49b9-aff6-7a92406771cc,air.dog,sold,84,36,3,"Sav.com, LLC - 17",05/11/2024 17:00,05/11/2026 17:00
e47ec499-ed8c-41b1-be84-151bba4f9c6e,air.domains,resell,84,36,3,"Sav.com, LLC - 33",23/10/2025 15:15,23/10/2026 15:15
59475b1f-defd-4d13-a56e-c5acedfb246d,air.download,premium,84,36,3,,,
9ce57c83-67c4-4933-b37d-5583702f3b27,air.earth,premium,84,36,3,,,
711476bb-e5dd-4c94-b919-7c959be04152,air.energy,sold,84,36,3,Dynadot Inc,16/07/2019 00:45,16/07/2026 00:45
7a320118-18b9-4824-8f77-dd8815d9aee7,air.engineer,premium,84,36,3,,,
82933074-30f8-4113-984c-0f8826df8a68,air.engineering,sold,84,36,3,Dynadot Inc,28/06/2020 16:11,28/06/2026 16:11
4cdf15b1-e1c5-4769-b5e5-c19bc0e46821,air.esq,premium,84,36,3,,,
6fa45d46-48b4-4cb2-9c02-c36e52e739eb,air.estate,expired,84,36,3,"Global Domains International, Inc. DBA DomainCostClub.com",04/11/2024 15:15,04/11/2025 15:15
504317ef-7d54-4951-9670-98ef2e5e9653,air.events,resell,84,36,3,"Spaceship, Inc.",11/03/2025 10:51,11/03/2026 10:51
215359d5-2f46-4c79-8867-c5fe60b1eaf8,air.expert,premium,84,36,3,,,
fbedb14f-6bfc-4efb-8579-6ba60bece590,air.exposed,premium,84,36,3,,,
6844584d-ae7c-4c81-9dcf-6abadca63e98,air.express,sold,84,36,3,Dynadot Inc,12/07/2015 22:31,12/07/2026 22:31
9bffc73f-0bd2-450d-8ffe-9a4e2b8757b3,air.faith,premium,84,36,3,,,
800db992-2c93-49ba-b6ed-25aabf696064,air.family,expired,84,36,3,"Sav.com, LLC",21/10/2024 20:42,21/10/2025 20:42
fda65cf0-4078-400e-abb1-a552a58fd0cf,air.fans,premium,84,36,3,,,
b225075d-7cd6-4833-91ec-f7f6a1b2ce5a,air.farm,sold,84,36,3,"GoDaddy.com, LLC",22/09/2015 22:09,22/09/2026 22:09
0c3be508-9c4c-49a2-a22f-884179c187dc,air.fashion,premium,84,36,3,,,
c2ac106b-b3d3-47c4-a8ee-5bb774681fd3,air.fast,premium,84,36,3,,,
c86ea0ff-3e02-4ef5-90f3-40119b5e01ae,air.film,sold,84,36,3,"GoDaddy.com, LLC",16/09/2025 01:02,16/09/2026 01:02
a2ea0669-4808-4ab4-9e1c-3ca4526eb457,air.finance,resell,84,36,3,"Spaceship, Inc.",14/11/2024 15:15,14/11/2026 15:15
9e163746-2fa4-4242-b494-ebaac04a8433,air.fishing,premium,84,36,3,,,
2f1b8cae-f3b6-4b3f-ab94-a3e28e57bdcc,air.florist,expired,84,36,3,Domain Science Kutatási Szolgáltató Korlátolt Felelősségű Társaság,26/10/2024 17:00,26/10/2025 17:00
461379eb-220c-4d55-92c8-71adb1e86be9,air.flowers,available,84,36,3,,,
886ea886-1a07-456e-abf1-f738ce1fe2ac,air.foo,premium,84,36,3,,,
5b256431-5101-4cf9-8fd5-fe71d4502e32,air.food,premium,84,36,3,,,
ccabe1bc-c169-4b26-ac70-f510152c737c,air.football,premium,84,36,3,,,
44af361c-520c-48ac-9300-7ec9770c70a0,air.forsale,premium,84,36,3,,,
8e1bf64b-af76-4d18-aabc-cca2106a8a84,air.forum,premium,84,36,3,,,
2892cccb-c68d-4b79-a51d-ebc577dae0f0,air.free,premium,84,36,3,,,
7afd4a6a-a3b5-4c17-9d52-f34414d0b600,air.fund,resell,84,36,3,"Spaceship, Inc.",03/10/2021 17:00,03/10/2026 17:00
991fd260-519c-4fd1-8036-af03bfad459c,air.furniture,available,84,36,3,,,
39ace764-cb24-4dd2-85e4-07c3d637b08d,air.futbol,available,84,36,3,,,
6b101823-211a-4ea5-9b93-93286b9cbe12,air.fyi,sold,84,36,3,"Spaceship, Inc.",28/05/2022 13:15,28/05/2026 13:15
08635afd-76dd-4b53-8065-88c472282db1,air.game,available,84,36,3,,,
72a26baf-d4ab-487a-ba82-61e3551a7ace,air.games,premium,84,36,3,,,
b8e9276d-0d67-4204-a085-62aecc1a28b4,air.garden,premium,84,36,3,,,
56f112fe-346d-40b6-99e1-4ccafec7b0c7,air.gay,premium,84,36,3,,,
08971260-d4af-4650-a234-05fcef67548f,air.gift,premium,84,36,3,,,
1352bbe2-539a-43c5-b429-ddf20cdfcfc5,air.gifts,premium,84,36,3,,,
81493e37-1669-4ab6-b28a-2e8f700c8a23,air.gives,available,84,36,3,,,
99625bc0-f530-4ad5-8362-7fb67a8ba948,air.giving,available,84,36,3,,,
7afd9bbe-bc72-4441-9dc2-f561a5485584,air.glass,resell,84,36,3,"NameCheap, Inc.",15/07/2016 12:49,15/07/2026 12:49
cf895acc-df80-422a-ae67-6530a723fc77,air.gold,resell,84,36,3,"Chengdu West Dimension Digital Technology Co., Ltd.",17/02/2018 18:48,17/02/2026 18:48
472e06f2-8bbc-492a-82c7-6521acda51b5,air.golf,resell,84,36,3,Dynadot Inc,27/06/2025 17:00,27/06/2026 17:00
fb09d121-d5e7-467c-800d-fc24372c7f2f,air.gratis,premium,84,36,3,,,
392bbe51-9fcc-4fb1-97ae-4bb5dc0fe290,air.gripe,premium,84,36,3,,,
d7e7f47f-5476-43b7-a7a2-1603e901ebaa,air.group,resell,84,36,3,Porkbun LLC,05/06/2016 16:00,05/06/2026 16:00
d5f94901-8047-4ef3-85a4-65578d77f009,air.guru,sold,84,36,3,"NameCheap, Inc.",21/09/2022 20:49,21/09/2026 20:49
2f19c91a-3622-46ca-bb94-e10756b2db08,air.haus,expired,84,36,3,"NameCheap, Inc.",04/10/2024 06:34,04/10/2025 06:34
d1fa8d6e-8b6e-46dd-b092-69920916a113,air.healthcare,premium,84,36,3,,,
39a0cbab-745a-49f6-a4f4-358e9ef9ad74,air.hiphop,premium,84,36,3,,,
ff55fb56-cf21-4774-bc57-56e0fd38952a,air.hiv,available,84,36,3,,,
72b8b18c-de41-40a4-adbd-1874c42bce6c,air.hockey,resell,84,36,3,"GoDaddy.com, LLC",14/08/2015 16:00,14/08/2026 16:00
bc942c9f-eb4e-4d0e-9a45-d6f010856c7f,air.holiday,resell,84,36,3,Porkbun LLC,22/09/2023 15:15,22/09/2026 15:15
765f691b-2dc8-4271-9e0b-4ca2e7a1648f,air.homes,resell,84,36,3,"Global Domains International, Inc.",24/06/2021 01:12,24/06/2026 23:59
7cb35dde-c6db-4cb0-b426-bda5f689a64d,air.horse,premium,84,36,3,,,
18dbc20c-42d8-4c5b-8d14-d72a01fcb167,air.hospital,available,84,36,3,,,
1c066fdd-65e6-4b3a-a07d-91719b6ceffd,air.host,premium,84,36,3,,,
7e62604b-e839-4ed1-8b3e-e5f077973b84,air.hot,premium,84,36,3,,,
e54bbe3f-4776-4e90-b549-b6ac1a9a8573,air.house,resell,84,36,3,"Global Domains International, Inc. DBA DomainCostClub.com",31/08/2021 17:00,31/08/2026 17:00
a73b6fb4-790a-44b9-8798-0b2e3e775e37,air.how,premium,84,36,3,,,
b56cd632-47df-4584-8c18-91fc24c9967b,air.icu,sold,84,36,3,Alibaba Cloud Computing Ltd. d/b/a HiChina (www.net.cn),28/10/2025 00:03,28/10/2026 23:59
f8530934-b6b6-41b3-98ce-83aa54afb878,air.im,premium,84,36,3,,,
80cd4255-b3ba-4019-9316-01ac5dc64abd,air.immobilien,available,84,36,3,,,
82216247-d777-4468-945e-62b4ebc31919,air.in,resell,84,36,3,"Dynadot, LLC",16/02/2005 06:30,16/02/2035 06:30
bb8edc5d-e388-4601-8e22-fe03ebc675f8,air.ing,premium,84,36,3,,,
4fec011e-05ab-4f00-81b8-b340c353ba5e,air.ink,resell,84,36,3,"DNSPod, Inc.",13/09/2021 08:17,13/09/2026 23:59
2c457589-dcda-4846-95af-79d0df03cb15,air.institute,sold,84,36,3,101domain GRS Limited,30/09/2025 16:09,30/09/2026 16:09
874d86eb-376b-46ea-9297-219b0b414b10,air.irish,available,84,36,3,,,
1a7ee3c0-1da7-46c5-b150-5beff489137d,air.jewelry,available,84,36,3,,,
ef273b49-54fd-44e9-b981-14f7fb6ebcb7,air.juegos,available,84,36,3,,,
a7b1211b-8bd0-48fb-aa31-2dfd3df267b7,air.kaufen,available,84,36,3,,,
9ea6fc9c-4ebd-4775-aff0-d2b8c0ee20da,air.kids,premium,84,36,3,,,
36378a89-c52e-41fd-95a6-4aa00e24f25b,air.land,sold,84,36,3,"NameCheap, Inc.",02/11/2017 19:49,02/11/2026 19:49
226ac803-a2b2-4881-a899-a55f4ca65420,air.lawyer,premium,84,36,3,,,
b11e140a-a0c1-4cdd-8fe1-7f828d58ace9,air.lease,premium,84,36,3,,,
382f4b29-eef2-4e77-9713-aaea44b3f24d,air.lgbt,premium,84,36,3,,,
74e5e407-165c-4c83-82eb-c8418d798a5c,air.life,resell,84,36,3,"Chengdu West Dimension Digital Technology Co., Ltd.",20/09/2020 08:06,20/09/2026 08:06
109b7cac-9521-452c-9506-b371d0034d93,air.lifestyle,premium,84,36,3,,,
f7c56932-ed49-4f91-b9a2-23a327d2be93,air.lighting,premium,84,36,3,,,
3b0a0704-b2f2-4376-a8e3-f7504b24c484,air.live,sold,84,36,3,"NameCheap, Inc.",07/12/2025 15:15,07/12/2026 15:15
dde884f3-c3a5-4f57-b7c4-83bf86e25e0d,air.living,premium,84,36,3,,,
9bb37953-7de5-4711-8498-432773fb5dbf,air.loan,premium,84,36,3,,,
76e7123a-359a-469b-9177-0e7f9b8e2ed0,air.loans,sold,84,36,3,"GoDaddy.com, LLC",18/09/2021 10:41,18/09/2026 10:41
cd36fe1e-4024-4f87-8491-b46544500792,air.locker,premium,84,36,3,,,
e688ab0a-4215-49c1-ba20-460449eaa357,air.london,premium,84,36,3,,,
657e4a48-8800-4666-9537-d8152c54950d,air.love,premium,84,36,3,,,
d10eed5a-6b1f-4f9b-b351-1f454c0097b8,air.ltd,resell,84,36,3,Alibaba Cloud Computing Ltd. d/b/a HiChina (www.net.cn),20/06/2016 16:52,20/06/2030 16:52
82f6398d-8a2f-4ab9-8b2b-70cac940c556,air.ltda,premium,84,36,3,,,
ece5933f-3866-4771-a65b-2c81f66d4449,air.makeup,expiring,84,36,3,"Spaceship, Inc.",27/12/2024 21:48,27/12/2025 23:59
48245927-2817-4a6e-9eb2-540255379a08,air.management,resell,84,36,3,"Sav.com, LLC - 28",28/08/2025 15:15,28/08/2026 15:15
c380bcd4-c695-4786-86d1-0717492168e6,air.market,premium,84,36,3,,,
b3c23c12-32b0-4e54-a232-c22b160b101b,air.marketing,sold,84,36,3,Dynadot Inc,17/09/2019 01:14,17/09/2026 01:14
6575d832-b28f-4e63-972c-9a5a1247d853,air.melbourne,premium,84,36,3,,,
80eada9f-10cb-4fd6-be11-702379a30815,air.meme,premium,84,36,3,,,
bb497421-1870-46ea-9443-94823a5243b3,air.memorial,available,84,36,3,,,
2e463e9f-3b86-49c8-a58d-07b1e6a7d670,air.men,resell,84,36,3,"NameSilo, LLC",23/08/2016 13:59,23/08/2027 13:59
6a9ca66a-8120-4524-a777-8dcc50f9ec67,air.menu,premium,84,36,3,,,
ee2077fb-3bc0-4eb4-a62c-5cb5c2cd5960,air.moda,premium,84,36,3,,,
1a1a964f-32d6-4375-91cc-af4d3786ca70,air.moe,expired,84,36,3,"NameSilo, LLC",09/12/2021 05:35,09/12/2025 05:35
7577cd80-4687-4cf0-83da-a47d608727f8,air.monster,premium,84,36,3,,,
abb2ff0e-d3fa-4e69-bee0-da11a3515a25,air.mortgage,available,84,36,3,,,
96789704-ebd5-4bac-87eb-3397bf07d186,air.motorcycles,premium,84,36,3,,,
e5e15b2a-a353-43b2-9de8-ae87003d56c5,air.mov,premium,84,36,3,,,
5172f4f9-5313-4aaa-ba32-1c9e3ea8a6b4,air.movie,available,84,36,3,,,
a9ccba14-d7fe-464a-8ed0-107482cca68c,air.music,premium,84,36,3,,,
3e647b7e-ec5b-42d1-afb5-4a97f2820b7d,air.navy,premium,84,36,3,,,
cc260c1b-ff5e-4110-bb70-0d3e5ac57033,air.net,resell,84,36,3,Dynadot Inc,23/10/1997 04:00,22/10/2026 04:00
06e402b8-9d61-4f8c-92d2-3510bc8e00ed,air.nexus,premium,84,36,3,,,
6e65e7eb-b5fd-4183-ac1b-bb07fffd98e8,air.ninja,sold,84,36,3,Dynadot Inc,28/05/2014 17:00,28/05/2026 17:00
af627bed-a182-48b1-b314-83277cd19427,air.now,resell,84,36,3,Dynadot Inc,12/10/2024 08:24,12/10/2026 08:24
ac6b4eeb-ae6c-4e98-be86-b9c4037c8a43,air.nyc,premium,84,36,3,,,
3f42e8b1-c364-4586-b072-553a73258fc1,air.observer,premium,84,36,3,,,
662321a6-d511-4c26-ae70-26ba29a04964,air.online,premium,84,36,3,,,
966243e2-fd7a-48bc-93d6-0fd201d46bc2,air.ooo,available,84,36,3,,,
4d9319f8-ebea-4a16-b9e0-5424d3cfc0c8,air.organic,premium,84,36,3,,,
c8fd6016-fd27-4a1b-990d-7cef515b3ce7,air.osaka,premium,84,36,3,,,
3c6c690b-0dd8-46c7-9b9f-1f8dc390125c,air.page,premium,84,36,3,,,
e608ce92-fa84-4036-bba5-868007f54eae,air.pet,resell,84,36,3,Porkbun LLC,09/04/2017 10:26,09/04/2026 10:26
5ee104ea-7fe3-4283-ba52-738749f30c63,air.phd,premium,84,36,3,,,
7ca29ca1-f3ab-4ffc-9f02-6ac4ad908fe5,air.photography,resell,84,36,3,"GoDaddy.com, LLC",21/11/2018 23:08,21/11/2026 23:08
4d181b69-c8bb-4720-951a-2b9d09e91688,air.pics,resell,84,36,3,Dynadot LLC,28/06/2025 00:02,28/06/2026 23:59
bc575006-231b-4e86-9321-e29eedef3218,air.pictures,sold,84,36,3,Dynadot Inc,08/10/2016 15:50,08/10/2026 15:50
316aedcb-585e-48d7-9f34-c8e9a3f495ba,air.pink,expired,84,36,3,"Xiamen ChinaSource Internet Service Co., Ltd",28/06/2024 17:00,28/06/2025 17:00
2837a376-2aa6-450d-955f-1d771f036f63,air.pizza,premium,84,36,3,,,
380b1a5a-d6cf-41d8-be33-75fe082121c3,air.plumbing,expiring,84,36,3,Squarespace Domains II LLC,11/01/2022 23:25,11/01/2026 23:25
007fd1d4-7f1d-4cf7-b6c7-b20c9b27c8a2,air.plus,expired,84,36,3,Squarespace Domains II LLC,29/09/2018 02:46,29/09/2025 02:46
61681758-66c8-4689-a696-b94a18241bb6,air.poker,premium,84,36,3,,,
9be15e56-391c-4b61-9b82-fae38ba5a337,air.porn,premium,84,36,3,,,
5d3291c2-5b52-47cb-a8e8-ecacda2902c2,air.press,premium,84,36,3,,,
61d38973-e755-4265-b598-1a2aeaa6a6ce,air.prof,premium,84,36,3,,,
446a1f5c-e827-433e-b694-100eab7355f2,air.promo,premium,84,36,3,,,
7fec0044-df26-4ff4-a042-aca3b79d1b05,air.property,premium,84,36,3,,,
fbefe8c9-5c4a-45ea-8a3d-e98396bc02bb,air.protection,available,84,36,3,,,
a3e78eaa-97d8-4f16-8495-a1579baa34a0,air.pub,resell,84,36,3,"Chengdu West Dimension Digital Technology Co., Ltd.",24/09/2016 08:03,24/09/2026 08:03
2b799e0b-ab76-45c6-ae58-b299b9f941e8,air.pw,premium,84,36,3,,,
e25279b2-9e22-41fd-99c8-62e168815e75,air.qpon,available,84,36,3,,,
ae53a940-cf1a-432f-a73c-6a1a1c21022f,air.recipes,expiring,84,36,3,"GoDaddy.com, LLC",28/12/2024 10:43,28/12/2025 10:43
799c93b1-aaf1-4da2-88bd-81811afee035,air.red,resell,84,36,3,Automattic Inc.,22/09/2021 14:30,22/09/2030 14:30
0a41a78f-d159-4127-87a8-7ff73d335154,air.rehab,sold,84,36,3,Domain Science Kutatási Szolgáltató Korlátolt Felelősségű Társaság,06/08/2025 15:16,06/08/2026 15:16
fd9ea48d-15e2-4452-a598-01430541af0a,air.reise,premium,84,36,3,,,
3f10947f-dea6-4d46-be61-4d8915d653c4,air.reisen,premium,84,36,3,,,
efab88de-fc3e-4990-9b60-057dee954220,air.rent,resell,84,36,3,"Xiamen ChinaSource Internet Service Co., Ltd",07/08/2025 21:53,07/08/2026 23:59
a15dda74-c3fc-46c8-95be-fe0049171ceb,air.rentals,expiring,84,36,3,"GoDaddy.com, LLC",27/12/2020 18:11,27/12/2025 18:11
697dc66f-8c3e-401a-a495-31a2d0309bc0,air.republican,available,84,36,3,,,
d9b747cf-ce31-413d-aaa2-2947d3aebac1,air.rest,sold,84,36,3,"Spaceship, Inc.",19/12/2024 05:49,19/12/2026 05:49
89f9c461-8261-46f1-8606-8bb177fa9586,air.restaurant,premium,84,36,3,,,
74be8efe-13fd-445a-b2d7-fbd9e21b8634,air.review,premium,84,36,3,,,
93d908d6-e642-4bf3-a635-a7bb69460158,air.reviews,premium,84,36,3,,,
13fcf859-b8fb-46d4-8b89-2484624e8bff,air.rich,available,84,36,3,,,
b862e326-ebaa-4d9b-9735-adb07ede041d,air.rip,resell,84,36,3,"Sav.com, LLC",23/01/2025 17:31,23/01/2026 17:31
14bb085b-6414-429e-a5a0-e856c14c15e5,air.rocks,expiring,84,36,3,Porkbun LLC,03/01/2021 15:53,03/01/2026 15:53
70e06265-6641-4e8e-96b4-a36030ee931a,air.rsvp,premium,84,36,3,,,
2c98abe9-0b7d-4cc8-ae44-7f51f0a9cd93,air.run,resell,84,36,3,"Spaceship, Inc.",01/02/2021 16:02,01/02/2026 16:02
9d30ea4a-2f3f-4a42-82bb-cf0ccb6079ef,air.sale,premium,84,36,3,,,
b439e3c7-f960-47c4-88df-3085bc682b84,air.salon,expiring,84,36,3,Dynadot Inc,13/01/2025 18:05,13/01/2026 18:05
c2816c0f-084d-42f0-a95a-3ed9a70455df,air.sarl,premium,84,36,3,,,
460c92fc-fbf5-448b-902d-47385383f53d,air.schule,premium,84,36,3,,,
3f71b6fc-b72f-4697-ae50-86252bb9a96c,air.science,premium,84,36,3,,,
2594e449-1bfe-4a8a-a5d9-a904fb01bc5d,air.security,available,84,36,3,,,
48b6db40-c60a-42c3-aa56-b173bff47ba4,air.services,resell,84,36,3,"GoDaddy.com, LLC",24/06/2015 16:00,24/06/2028 16:00
f2d99640-ebb3-452b-886a-6e4da0eae031,air.sexy,premium,84,36,3,,,
ed2f3a2c-eab6-4411-a003-d6edbde64799,air.shiksha,available,84,36,3,,,
7d5f2418-720d-427a-97c8-9c992ecff2bb,air.shoes,resell,84,36,3,Porkbun LLC,11/03/2025 20:00,11/03/2026 20:00
d94fc8bd-06dd-4e97-9059-b1e4e4f6d38a,air.shopping,sold,84,36,3,united-domains GmbH,28/09/2016 16:00,28/09/2026 16:00
378996cb-dbe7-4487-b434-94d1c67c637a,air.singles,premium,84,36,3,,,
2beeb8b1-199f-4960-b3b0-bb75e4daa5a3,air.site,resell,84,36,3,Radix FZC,18/10/2022 07:16,18/10/2026 23:59
e604e2e5-e4df-45ad-a74e-12684ab464be,air.ski,premium,84,36,3,,,
cee92ba6-9210-461c-b01e-ece1f540790d,air.skin,resell,84,36,3,"Spaceship, Inc.",21/10/2024 00:02,21/10/2026 23:59
87a3871d-e9cd-41b2-b5d1-48ce2040c0d7,air.soccer,premium,84,36,3,,,
8561a485-e611-4730-9f4b-a351584605fc,air.solar,expired,84,36,3,"Sav.com, LLC",04/10/2024 17:00,04/10/2025 17:00
a5132565-0f31-4481-adf5-6d992a6c27c2,air.soy,premium,84,36,3,,,
bc64b09c-b07c-4be4-9841-0087cc27ebff,air.spot,premium,84,36,3,,,
0a245b3c-cc20-431f-bb45-bf992018aa34,air.storage,available,84,36,3,,,
e754a096-d95c-47d5-a24f-8e9e050339ec,air.store,premium,84,36,3,,,
0b371762-bd63-46b7-8450-16f774247d10,air.stream,resell,84,36,3,"Spaceship, Inc.",10/06/2020 03:15,10/06/2026 03:15
65d2b854-0fef-435f-9b39-a1f2a1caba7e,air.study,premium,84,36,3,,,
d3d69fb8-5b20-413b-a9d6-aeb1a16068f9,air.style,resell,84,36,3,Porkbun LLC,23/08/2025 00:07,23/08/2026 00:07
71c2a57f-91e0-4e17-a9c7-e9ffc728deae,air.sucks,premium,84,36,3,,,
e3792c66-1e2c-46d4-8236-10610e4eb0cd,air.support,sold,84,36,3,1API GmbH,26/03/2014 16:00,26/03/2026 16:00
1889e89b-a698-4b5f-9ff9-2df4a5277f21,air.surf,premium,84,36,3,,,
fdf1b945-dcb5-440b-92eb-4ce79537df2c,air.surgery,premium,84,36,3,,,
0d9db8b8-de2d-4aab-ae05-ff5eff23ce99,air.sydney,premium,84,36,3,,,
cfd17628-e9aa-4de7-9f2f-3adb0a562639,air.talk,premium,84,36,3,,,
97a0e835-006a-45b4-9412-6cb01a70809c,air.tattoo,premium,84,36,3,,,
a4045531-79b4-471a-9015-2e681b07bb52,air.tax,premium,84,36,3,,,
875eb79e-262c-49ff-9bfb-4471d14d66fd,air.team,expiring,84,36,3,"Global Domains International, Inc. DBA DomainCostClub.com",08/01/2021 00:12,08/01/2026 00:12
b282496a-d221-4eab-9a97-315b047f5ce1,air.tech,sold,84,36,3,Safenames Ltd,08/09/2022 09:38,08/09/2026 23:59
35362728-45b3-41b8-80df-834b81fd4eb3,air.technology,sold,84,36,3,Dynadot Inc,07/05/2024 15:15,07/05/2026 15:15
192d9bec-b00c-4672-8c68-fa2024ead324,air.tel,resell,84,36,3,"Global Domains International, Inc. DBA DomainCostClub.com",06/06/2012 18:30,05/06/2026 23:59
1f5540b3-002e-47a5-8551-758a083dd0f5,air.tennis,available,84,36,3,,,
91a4ce23-0321-4878-a78f-f04da7afe48c,air.theater,available,84,36,3,,,
26cad054-4af3-4c4a-b2f7-110294ae07b1,air.theatre,available,84,36,3,,,
63f5e305-3fa1-4ef0-847f-816421d78eb2,air.tickets,premium,84,36,3,,,
6efe6666-7458-40c6-9694-f374fdfeb37e,air.tienda,available,84,36,3,,,
ee6982cf-5cc2-4a04-9784-b7a7a7a8fb1c,air.tips,resell,84,36,3,"Sav.com, LLC - 43",10/04/2025 15:15,10/04/2026 15:15
27f5dc65-170e-451d-a101-27f046feb065,air.tires,available,84,36,3,,,
cf7a88ad-edd6-4499-be0e-a3d97cc1cf50,air.to,resell,84,36,3,humbly LLC,11/04/2019 03:29,11/04/2026 03:29
436cad79-b701-458a-8f08-524035385897,air.today,resell,84,36,3,"Sav.com, LLC",04/05/2023 18:36,04/05/2026 18:36
6edd8ad7-2a46-4a04-8f8b-ea4ad731e300,air.tools,sold,84,36,3,Dynadot Inc,26/10/2020 23:04,26/10/2026 23:04
7b5b31aa-fa44-428a-8670-2bd8a49c5455,air.tours,sold,84,36,3,Dynadot Inc,25/09/2022 13:15,25/09/2026 13:15
d8da83d1-bd88-409a-88ac-ccb38629a4f4,air.toys,expired,84,36,3,united-domains GmbH,06/10/2014 18:20,06/10/2025 18:20
2c1f25f5-33c8-481a-ae7c-d8e8e0e7c60b,air.trade,resell,84,36,3,Dynadot Inc,18/10/2021 08:56,18/10/2028 08:56
6980bb65-68a0-48ad-b39e-75c3416d8a0d,air.tube,premium,84,36,3,,,
cf4773b6-09e2-4f98-b81b-fe42c6dcebec,air.vacations,premium,84,36,3,,,
fe3994ec-b42a-47fb-99b4-37d90d9418a3,air.vana,premium,84,36,3,,,
7b5951f1-82f3-4a44-a4cf-ced61ead4ae3,air.vc,resell,84,36,3,"Sav.com, LLC",16/01/2015 04:41,16/01/2026 04:41
9a8b2148-4f86-47c6-81e0-dab0559dbd2e,air.ventures,sold,84,36,3,"Sav.com, LLC - 18",21/05/2024 15:15,21/05/2026 15:15
393ce07b-050a-410f-96e3-7a7302a69190,air.viajes,available,84,36,3,,,
9a812ae1-20fb-46b8-9174-42cf4f833a09,air.vin,available,84,36,3,,,
411f1fd8-887f-4a65-8a7f-5118d806fe4e,air.vision,sold,84,36,3,"Global Domains International, Inc. DBA DomainCostClub.com",27/09/2025 15:15,27/09/2026 15:15
f59bc7cf-7f4e-41e4-9ab0-ff566606754a,air.vodka,premium,84,36,3,,,
80beb3db-6ed1-4a9b-9f20-c4c699588a31,air.voting,available,84,36,3,,,
2b4e53ea-43f8-4bf2-ba3b-f81ce3d11984,air.voto,available,84,36,3,,,
067a9322-704e-47bb-9102-01723fd019d3,air.voyage,premium,84,36,3,,,
3da85105-06fc-42ff-be39-7e6d83f548d2,air.watch,sold,84,36,3,Dynadot Inc,08/10/2019 21:03,08/10/2026 21:03
b47fcae7-40ac-4219-8d5c-25684c0c6c37,air.webcam,premium,84,36,3,,,
e18e7321-58e9-4cda-888a-f4c83f00e689,air.website,premium,84,36,3,,,
0841d901-29b5-4f51-b3da-f19839aaf4ac,air.wedding,premium,84,36,3,,,
4fc19d80-2b26-4307-b1c4-00ce4b4b60f0,air.win,expired,84,36,3,Key-Systems LLC,15/11/2024 13:18,15/11/2025 13:18
d36c44fa-0f13-4c00-bcd5-f0433a8eaee8,air.wine,resell,84,36,3,Dynadot Inc,25/02/2025 17:34,25/02/2026 17:34
3aca6260-8087-409f-bfff-dffb576b9b45,air.work,sold,84,36,3,united-domains GmbH,29/08/2015 12:20,29/08/2026 12:20
867b39d5-c6af-4667-bc4b-1d49b63558d3,air.world,expiring,84,36,3,Dynadot Inc,14/01/2015 15:24,14/01/2026 15:24
8eaa82ff-f81b-485a-bd3e-95059e780d78,air.yachts,resell,84,36,3,"Spaceship, Inc.",04/12/2024 13:13,04/12/2026 23:59
bcfa102f-65c9-4740-bfac-a9cdc72756b4,air.yoga,resell,84,36,3,"GoDaddy.com, LLC",26/08/2020 19:17,26/08/2026 19:17
13821adc-7f81-4709-9c8a-4ada0e15859d,air.you,premium,84,36,3,,,
f74d5f50-ec7b-4cde-979e-a9a47e9285d0,air.zip,premium,84,36,3,,,
efcb73da-8643-4dca-957f-201598dfd065,air.zone,sold,84,36,3,"GoDaddy.com, LLC",20/08/2015 16:04,20/08/2026 16:04
12525568-682b-4ba2-9e3c-3b525a41f0f8,flight.ac,available,112,24,6,,,
64122a7a-e397-4878-aaa7-b5b6815b8420,flight.accountant,premium,112,24,6,,,
04d45f69-3e22-46e4-bb83-9a23809de027,flight.accountants,available,112,24,6,,,
12b3328e-27a1-4aba-8149-75fb5067a2de,flight.actor,available,112,24,6,,,
02221f3f-349a-439d-9136-105726321f31,flight.adult,available,112,24,6,,,
c8e4456f-004a-41fb-96f0-ad4f5166c987,flight.ai,resell,112,24,6,101domain GRS Limited,16/12/2017 02:57,28/01/2028 02:57
59e26c33-24d7-4cf8-a0b7-98b68f50db57,flight.airforce,premium,112,24,6,,,
4e6306ee-6460-4b0a-9aac-65a949c87d1a,flight.apartments,available,112,24,6,,,
adc008ad-5629-4e8f-bf79-83062c8b5c8e,flight.app,resell,112,24,6,GrepApps Technology Inc.,19/07/2025 09:28,19/07/2026 09:28
e35deb93-5f2e-4b7a-912f-9bf281d2e499,flight.archi,available,112,24,6,,,
e0298894-d07e-4167-8303-e9a2fe67a35d,flight.army,available,112,24,6,,,
4c290104-2bd5-470a-b639-9c72bc43d6f9,flight.asia,sold,112,24,6,Register SPA,21/09/2018 01:09,21/09/2026 01:09
235b3140-2191-4b07-9986-91f5a6ef0567,flight.associates,available,112,24,6,,,
5a0920c0-5064-4981-81ce-76090c90b6d0,flight.at,resell,112,24,6,Webagentur.at Internet Services GmbH ( https://nic.at/registrar/25 ),,
0b140f20-2f76-4546-9168-d4304201198a,flight.attorney,available,112,24,6,,,
a321e179-adca-4ac9-a883-8313001e97d8,flight.auction,premium,112,24,6,,,
d3d25ab0-d068-4aa0-879c-6aa267d91ff5,flight.audio,available,112,24,6,,,
807deedc-d1a9-42c5-bcfc-5bac74e86a6d,flight.auto,available,112,24,6,,,
1676c159-defa-49c0-9fa9-807f50a8fb1b,flight.autos,premium,112,24,6,,,
cb1c4047-16d3-400f-a09c-6657bc362b23,flight.band,available,112,24,6,,,
b23b2b6b-a7f1-402b-a720-d59a16e90f73,flight.bar,sold,112,24,6,"Dynadot, LLC",29/11/2024 10:18,29/11/2026 10:18
34b6abad-7815-4658-b1c8-5bfab241b2ef,flight.bargains,premium,112,24,6,,,
3d2dba1d-a8b2-4b08-9c1f-b612299d35e5,flight.bayern,available,112,24,6,,,
3fc63f9b-c521-4288-807c-a552f3b670cc,flight.beauty,premium,112,24,6,,,
e3dd2e83-9124-49a1-8e65-82bdc6227c60,flight.berlin,available,112,24,6,,,
8632aac6-393f-4fe8-af8a-340d5fa4651e,flight.best,premium,112,24,6,,,
e9f69adb-3919-4628-8921-b03bd909ea99,flight.bet,resell,112,24,6,"Sav.com, LLC",09/06/2025 05:26,09/06/2026 05:26
68a4191b-1c44-4415-81d0-b0a96f31051f,flight.bingo,available,112,24,6,,,
14b81db2-fb65-4b4c-9805-ffd6d80c667d,flight.biz,resell,112,24,6,Squarespace Domains II LLC,26/08/2022 00:00,26/08/2026 00:00
4f9ac319-e70f-47df-bd0b-364864052305,flight.black,available,112,24,6,,,
e4cf31e0-291e-4cef-b824-dadf5774df2e,flight.blackfriday,available,112,24,6,,,
2bc130b9-2546-476e-a20d-b197a21b83e0,flight.blog,premium,112,24,6,,,
87b35e5b-0704-4ea3-8465-2e1bf62acc78,flight.boats,premium,112,24,6,,,
fc9404d6-9239-46ce-ab6e-46c07256be6a,flight.boo,premium,112,24,6,,,
77c9daf3-086e-4b41-bb53-6ad519be2157,flight.boston,premium,112,24,6,,,
7af87824-efb2-4bd6-829b-5886e6d63301,flight.boutique,available,112,24,6,,,
1e6d6714-7152-49c1-8a8b-2b44293855eb,flight.build,premium,112,24,6,,,
c2228cbd-f6b1-44c7-a227-66645b17bc56,flight.buzz,premium,112,24,6,,,
a1c216cf-d4d3-4982-b985-b560f52d9c04,flight.bz,resell,112,24,6,Realtime Register B.V.,21/01/2023 02:17,21/01/2026 02:17
1de98e57-bb5c-4200-8ad6-e0efdcbea9da,flight.cab,available,112,24,6,,,
00019733-ce64-4e24-96fd-6378ec734cd1,flight.cafe,resell,112,24,6,"GoDaddy.com, LLC",10/08/2025 00:35,10/08/2026 00:35
0ac54bf7-219c-44ca-96e6-b3c7620d5558,flight.cam,premium,112,24,6,,,
1fe4b9e9-efe7-4dfa-acc0-c1a7b41d3282,flight.camera,available,112,24,6,,,
96ce3ddb-1938-4be5-b812-9830728ebb71,flight.camp,sold,112,24,6,Domain Science Kutatási Szolgáltató Korlátolt Felelősségű Társaság,30/09/2025 15:15,30/09/2026 15:15
bdc7a429-238e-47a3-bec8-bd90ceacaf21,flight.capital,resell,112,24,6,"Spaceship, Inc.",12/09/2025 01:00,12/09/2026 01:00
4c0939e3-bf0f-4c60-8d88-f87d667f9eed,flight.car,available,112,24,6,,,
c6cb7b2e-ba71-4d59-8c69-258bb2f639f7,flight.cards,available,112,24,6,,,
70628e5b-2849-445b-997f-3dcc2e667ac5,flight.care,resell,112,24,6,"Sav.com, LLC - 41",19/03/2025 15:15,19/03/2026 15:15
b7f362df-31b3-4a95-a252-0fcdc6240fcb,flight.cars,available,112,24,6,,,
14d7bd81-4c68-4f34-82b4-95deaed57bd6,flight.casa,sold,112,24,6,Dynadot Inc,23/10/2025 17:03,23/10/2026 17:03
cae9b942-296b-40e0-9059-54f766620408,flight.cash,sold,112,24,6,"NameCheap, Inc.",29/09/2023 15:15,29/09/2026 15:15
dd53aff5-7399-4c7e-8aaf-0a18769b8fe5,flight.casino,premium,112,24,6,,,
979241d7-5900-45fd-a0c5-d09149c99d78,flight.ceo,available,112,24,6,,,
1e10f3d5-3698-4c3c-aad8-5b85a8d1ff2d,flight.cfd,premium,112,24,6,,,
3339d5cd-f03f-41da-b088-ab8f8e920d72,flight.charity,available,112,24,6,,,
b56b096f-8b0a-4e28-a29a-bab51dd69a6b,flight.cheap,resell,112,24,6,Vautron Rechenzentrum AG,29/07/2015 16:00,29/07/2026 16:00
20f362fa-f06c-4cbe-9aea-ad31ed4f79f0,flight.christmas,available,112,24,6,,,
b3451acd-3409-4dfe-8401-6c061838a202,flight.church,expiring,112,24,6,"GoDaddy.com, LLC",16/12/2024 00:40,16/12/2025 00:40
de2096d2-d609-4661-9c29-f4fa88e4ce73,flight.claims,expiring,112,24,6,Mesh Digital Limited,03/09/2014 16:10,03/09/2025 16:10
8f955c5f-05cb-434f-8a9d-b04dffbe41e0,flight.cleaning,available,112,24,6,,,
ca992caa-877f-4cea-8808-8048ec9b8b68,flight.click,resell,112,24,6,"Dynadot, LLC",25/11/2014 16:00,25/11/2026 16:00
774f15bf-8d8d-4a0e-86dd-327a2497d0fb,flight.co,resell,112,24,6,"GoDaddy.com, LLC",25/02/2010 00:45,24/02/2027 23:59
e37d2f4b-1337-4dc5-9869-932aea0ae602,flight.codes,available,112,24,6,,,
422f6828-cc70-4e1d-8b0e-94146f8d05bf,flight.coffee,sold,112,24,6,IONOS SE,30/08/2022 14:26,30/08/2026 14:26
f39b98b2-27ca-4df7-98cf-34d629a066ba,flight.college,premium,112,24,6,,,
e017ca34-bae4-4d16-be3c-776b2780a7ff,flight.company,resell,112,24,6,Hosting Concepts B.V. d/b/a Registrar.eu,19/03/2014 16:00,19/03/2026 16:00
a189d5a8-6b8b-44bd-a0c3-51b9e025d795,flight.computer,sold,112,24,6,"GoDaddy.com, LLC",03/09/2016 05:52,03/09/2026 05:52
25502678-242b-4f3a-90de-1b9aa34b984e,flight.condos,available,112,24,6,,,
7aa7a415-9aba-48e4-8c79-17db1dc5c369,flight.construction,available,112,24,6,,,
19854669-6cec-49d5-a876-66f4f4feb717,flight.consulting,premium,112,24,6,,,
055cf707-5455-4e58-82f6-d7b5a74f4487,flight.contact,expiring,112,24,6,"Go France Domains, LLC",09/12/2020 16:00,09/12/2025 16:00
c1481d84-ab6d-43b0-bfa1-f4c5695e694c,flight.contractors,available,112,24,6,,,
09f96b4e-6aa6-4a91-94f9-394a8996c092,flight.cooking,available,112,24,6,,,
19329824-c4df-4304-8d35-872fdb97b63c,flight.cool,available,112,24,6,,,
f5655390-fc90-4726-bae0-40db58ae7bc5,flight.country,available,112,24,6,,,
55ac0050-4876-4835-bc4a-d72df521c9b1,flight.coupons,premium,112,24,6,,,
0f031762-72df-4160-9702-4ab2c58b2b61,flight.courses,available,112,24,6,,,
3014872a-52b3-43e4-9c43-dad5097b510d,flight.credit,available,112,24,6,,,
7df8ab47-30d4-4e5b-a6a2-ab9d58e6ec4a,flight.creditcard,resell,112,24,6,Porkbun LLC,10/03/2025 21:22,10/03/2026 21:22
eb02b257-09b8-41d6-b475-59ff0df52889,flight.cricket,premium,112,24,6,,,
56eb039b-2df1-4fa8-852d-e5981ba70dd6,flight.cruises,premium,112,24,6,,,
562e0d06-5adf-47e9-b401-982235c0fe0b,flight.cv,premium,112,24,6,,,
26123386-d00b-4355-a73a-ebffd0e5cf05,flight.cx,resell,112,24,6,West263 International Limited,03/07/2024 00:00,03/07/2026 02:54
c15f7057-4308-4231-884e-7f155825a780,flight.cyou,premium,112,24,6,,,
222cb54b-ef32-4c24-a77f-a3b3e584836e,flight.dad,premium,112,24,6,,,
3491dc9e-ad68-4bcd-8d91-8109049cebdc,flight.dance,available,112,24,6,,,
9f14b6f9-8ff4-4fc3-8c30-7f38b98c590a,flight.dating,available,112,24,6,,,
eaff5130-1b65-41fa-b071-fd66a687d8e9,flight.day,premium,112,24,6,,,
85db5c03-a712-43d1-8f36-d20c35b80cf1,flight.deal,premium,112,24,6,,,
6dc4ec5e-305a-4b55-a398-a3130e4b924a,flight.dealer,premium,112,24,6,,,
126062aa-c4fe-4660-85ff-8c83f1d0796b,flight.deals,expiring,112,24,6,"Spaceship, Inc.",11/01/2022 17:07,11/01/2026 17:07
b3b0dd37-f64a-4ec8-8945-ab6d82f30ccb,flight.degree,available,112,24,6,,,
20c6f5d3-046b-4d65-9eac-a51eecacd18f,flight.delivery,available,112,24,6,,,
8006dbd0-e139-4ade-9537-e04093f0ea12,flight.democrat,available,112,24,6,,,
762ef26e-543d-4455-b799-9be01b91697e,flight.dental,available,112,24,6,,,
f39ed0ad-4f65-4d5f-a318-d094f6482b27,flight.dentist,available,112,24,6,,,
c03ddeef-4ab3-485c-a113-cacf7b8978c9,flight.dev,sold,112,24,6,"Name.com, Inc.",30/09/2025 22:04,30/09/2026 22:04
f5d06151-b080-489b-9605-de957ccc3c20,flight.diamonds,available,112,24,6,,,
075f8260-1bfc-4ff0-8dbd-cfb8634a5ed2,flight.diet,available,112,24,6,,,
99e982a2-a592-48a1-b9ff-f291f1a61535,flight.digital,resell,112,24,6,Netregistry Wholesale Pty Ltd,11/08/2024 17:00,11/08/2026 17:00
3ca13f69-dd67-4a74-9d6b-0b9d9c3e6565,flight.direct,resell,112,24,6,Porkbun LLC,25/10/2020 19:33,25/10/2026 19:33
d748ef50-8324-4ed4-b9a4-48b95fe6b59b,flight.discount,premium,112,24,6,,,
40a1417e-a353-4326-adbb-195f80bd539b,flight.diy,premium,112,24,6,,,
289c1d87-259f-4f29-b6e5-f99e965d1317,flight.doctor,available,112,24,6,,,
a236b0fd-0b44-423b-999c-69f9b3382471,flight.dog,sold,112,24,6,"HOSTINGER operations, UAB",29/09/2025 14:46,29/09/2026 14:46
e6ad70ae-ba19-4b9e-9af8-352caac3c7f1,flight.download,premium,112,24,6,,,
a20af8e8-0f93-4186-a584-643abca52295,flight.engineer,premium,112,24,6,,,
53a58b76-3764-4c45-85b7-56a70fae77cc,flight.enterprises,available,112,24,6,,,
e1f1be38-c6a6-497d-83f6-bcf2a1381a0e,flight.esq,premium,112,24,6,,,
67ad9ba2-dbe6-4ad5-ae91-f54c042954e0,flight.estate,available,112,24,6,,,
37f737f1-f78e-4cc3-9ec9-f9e687ba18f1,flight.eu,resell,112,24,6,"Name: NameSilo, LLC Website: https://www.namesilo.com",,
7d7cd671-e8c1-4912-9093-7e5faa6c6ddc,flight.events,available,112,24,6,,,
e6ec2e71-0d44-4f06-a1ce-79c49adfc63f,flight.expert,premium,112,24,6,,,
58f1d186-265e-4a1a-9ad7-e221807b56fc,flight.exposed,premium,112,24,6,,,
8d844643-1ca5-4945-a32b-dd0a98d4366b,flight.express,premium,112,24,6,,,
83e4bc6b-a62e-4a50-a163-0e6423862c40,flight.fail,available,112,24,6,,,
efc272c1-9b4d-44dc-8af7-35bd81f2667f,flight.faith,premium,112,24,6,,,
36c57052-2a97-4931-98d8-8168f581798f,flight.family,premium,112,24,6,,,
9ff07612-173f-4eff-859d-d734ffebea8d,flight.fan,available,112,24,6,,,
9fcfc131-b587-4cc8-a8d6-9820df5c05ea,flight.fans,resell,112,24,6,TLD Registrar Solutions Ltd,29/08/2018 12:12,29/08/2026 23:59
14bb6fac-02a5-40eb-a4f8-3b7a0e817a03,flight.farm,sold,112,24,6,"GoDaddy.com, LLC",10/09/2014 13:16,10/09/2027 13:16
43cd257a-d1d7-4839-8b4d-9cb4e2360c87,flight.fashion,available,112,24,6,,,
9e11ef7b-02f5-4512-9720-f1312158c106,flight.finance,sold,112,24,6,Porkbun LLC,19/09/2020 16:45,19/09/2026 16:45
521600eb-8533-47a9-99e5-f1272ba745e2,flight.fish,available,112,24,6,,,
cd265d20-952b-40de-a47e-f458713feb72,flight.fishing,premium,112,24,6,,,
84006e84-8a8c-4b68-b198-ed5242aa6118,flight.fit,expired,112,24,6,"GoDaddy.com, LLC",20/11/2022 06:40,20/11/2025 06:40
59f8e29b-41c8-48eb-a563-408c38e379fa,flight.flights,premium,112,24,6,,,
4a7b87b5-1f32-49e0-92fe-b0b3eae37122,flight.florist,available,112,24,6,,,
ed98b005-8f47-4bfd-9c22-68ba88364a9e,flight.flowers,available,112,24,6,,,
64c4a0ff-e582-458c-9464-7579b3c125d0,flight.foo,premium,112,24,6,,,
9852791a-6fe2-4929-abf4-a011852b36bc,flight.food,premium,112,24,6,,,
79cf8258-e0e7-4c63-9335-7001adacf24c,flight.football,available,112,24,6,,,
7c099dc3-73d7-4478-890d-1924900ffd54,flight.forsale,premium,112,24,6,,,
e41dc9fa-26d5-4b07-8096-1e4f9d4cc6ed,flight.forum,premium,112,24,6,,,
5ca16aac-164b-408d-9766-d6e76621a803,flight.foundation,resell,112,24,6,"Spaceship, Inc.",21/08/2022 11:30,21/08/2026 11:30
ced6a265-628c-4552-a4d1-3ffa5f0ac4e8,flight.free,premium,112,24,6,,,
693ca5e1-1726-42fb-b55a-70fcefbea2dd,flight.fun,premium,112,24,6,,,
2209baae-4e8b-4970-b270-a3abc855cfe1,flight.fund,resell,112,24,6,"Xiamen ChinaSource Internet Service Co., Ltd",18/07/2025 15:15,18/07/2026 15:15
6788b537-b36c-4067-b3c7-006e3baf6ec8,flight.furniture,available,112,24,6,,,
b79d09c8-4a12-4bd5-b42a-5ae5d061e79e,flight.futbol,available,112,24,6,,,
30e25c40-1a59-4575-8da5-11f29d2ba431,flight.game,premium,112,24,6,,,
0cfeba15-b9e9-4c40-887d-9c5751e8e5d2,flight.games,premium,112,24,6,,,
6d031118-25de-4a5b-8c60-b6292e15208b,flight.garden,available,112,24,6,,,
c01f8d5f-d971-4739-80f4-d45ab5dcda88,flight.gay,premium,112,24,6,,,
40dbe179-9c6b-4223-8da3-c19a6a3fcfdb,flight.gg,resell,112,24,6,"humbly, LLC (http://park.io)",,
7a9f4ca2-81db-4c6c-8a99-5593781590e8,flight.gifts,premium,112,24,6,,,
4f7432ac-32be-4984-a8cf-9caf84658faf,flight.gives,available,112,24,6,,,
019a94dd-bb41-44f6-a801-897a1adc3ff2,flight.giving,available,112,24,6,,,
52985543-e04b-4a90-9d3e-a7dc2fa8d196,flight.global,premium,112,24,6,,,
298c2174-4c54-4b9b-b6f6-f55313b5b2d2,flight.gmbh,available,112,24,6,,,
8a1edb09-4f11-41c9-a8c7-f3c0baaadc6e,flight.golf,resell,112,24,6,"Sav.com, LLC",27/01/2025 15:09,27/01/2026 15:09
56754e81-0ea1-424b-a800-9397ba3c5156,flight.graphics,available,112,24,6,,,
851dbfae-928b-4dfd-93ea-5f5dd115af7f,flight.gratis,available,112,24,6,,,
1589b438-b4de-4814-aee0-296798ad1c9b,flight.green,premium,112,24,6,,,
ba53a03e-4966-4e6b-ac87-6fc3d781b3fa,flight.gripe,available,112,24,6,,,
89dc89fe-9493-47ed-8da4-5e5f5e8bd228,flight.guide,sold,112,24,6,"GoDaddy.com, LLC",17/09/2014 16:00,17/09/2026 16:00
92ee7e88-f871-4c40-9df3-5637366096bb,flight.guitars,available,112,24,6,,,
4b75228c-a11f-4e2b-bf47-e3d2be8000c5,flight.hair,premium,112,24,6,,,
90ec7e3d-3e83-4d63-a1f8-fbd5a7da73a8,flight.haus,available,112,24,6,,,
2b820990-cd65-478d-b4ba-41672e0172a4,flight.healthcare,available,112,24,6,,,
4547d388-0edc-4059-86d6-ccfcd9818fa9,flight.hiphop,available,112,24,6,,,
be0519dc-b5d2-47ae-8942-f3170c8986c9,flight.hiv,available,112,24,6,,,
76b97940-693b-4149-98cc-22d865683fbe,flight.hockey,available,112,24,6,,,
c792296f-7b3b-4fc3-877b-4795144d7baf,flight.holdings,available,112,24,6,,,
9fa3b5c0-b7cc-4834-b83e-a31758634922,flight.holiday,resell,112,24,6,"GoDaddy.com, LLC",13/09/2024 17:00,13/09/2026 17:00
d01aa7ae-245c-44b8-9d8b-7f997bfe79c7,flight.homes,premium,112,24,6,,,
3a9e8cb1-aa96-4d2d-9986-1eaa5bd63471,flight.horse,available,112,24,6,,,
09fe5f45-728a-49f7-8f76-2586cec875ed,flight.hospital,available,112,24,6,,,
83422015-c650-44d4-8b65-972f27b77238,flight.host,premium,112,24,6,,,
e02274a2-c95e-4907-beaa-6cd491492906,flight.hosting,available,112,24,6,,,
88eefd3c-d47f-49b4-8437-a1e48d0a5442,flight.hot,premium,112,24,6,,,
49cb03ef-023a-4765-a96f-f2e83b83398e,flight.icu,premium,112,24,6,,,
15db127e-4d2a-495f-af2b-044fea7fcdc9,flight.im,premium,112,24,6,,,
49a9e139-dbd5-4593-b80e-274baaaf52ab,flight.immo,available,112,24,6,,,
9ea819ed-631e-436e-9893-5a8bbb26bb42,flight.immobilien,available,112,24,6,,,
73464265-ae1a-4db9-af01-e0a070f618d9,flight.inc,premium,112,24,6,,,
6922d1b0-26cc-4f38-84a2-c8a9290be138,flight.industries,available,112,24,6,,,
fc85bd84-af62-4249-9b4b-3d6bb5fc06d5,flight.ing,premium,112,24,6,,,
ba499fac-70df-4e6f-a0e9-2e697960c183,flight.ink,expired,112,24,6,"Spaceship, Inc.",02/12/2024 15:44,02/12/2025 15:44
d7bc219f-0eeb-4640-a46e-f23d64fe0475,flight.international,resell,112,24,6,"Sav.com, LLC",21/06/2017 07:23,21/06/2026 07:23
e36aab70-beab-42df-8ad2-bd2b67e46b42,flight.investments,available,112,24,6,,,
f8145ea7-0780-4b2e-9628-db1a8a5f60f0,flight.io,resell,112,24,6,"GoDaddy.com, LLC",29/05/2024 15:18,29/05/2026 15:18
7c1e44e3-8d42-4beb-b739-ff8d9268156e,flight.irish,available,112,24,6,,,
acfafad6-7408-4091-95d2-ed3bf6cddc59,flight.it,expiring,112,24,6,,21/12/1999 00:00,07/01/2026 00:00
ba30539a-e5ce-4ba2-8ae3-41809f27c3ab,flight.jetzt,available,112,24,6,,,
d7e3cc37-4f12-4c5f-8c5f-8b8c71a6ef24,flight.jewelry,available,112,24,6,,,
13bfc69a-5ea1-44d1-818f-bfa965490d5c,flight.juegos,available,112,24,6,,,
e2f817ec-f2d8-4251-9367-23dd5e04df60,flight.kaufen,available,112,24,6,,,
09226ea1-0cc7-4829-ae32-f875cbcb1e2b,flight.kids,premium,112,24,6,,,
ea6a97e5-859a-4cf1-b46c-dd25026d423b,flight.kim,available,112,24,6,,,
23d2d400-ec64-404e-924d-1905224dcaaa,flight.kitchen,available,112,24,6,,,
743169ca-ed62-4b4c-8596-3ae99f211357,flight.land,available,112,24,6,,,
80bb5f65-3528-4815-8f53-fdb249524b16,flight.law,expiring,112,24,6,Webnames.ca Inc.,30/12/2019 14:37,30/12/2025 14:37
c0393fd1-d1a7-4568-97c8-74a0d3671571,flight.lawyer,available,112,24,6,,,
0f3f2228-66ab-4aa7-9c6a-2f7520086c13,flight.lease,resell,112,24,6,"Sav.com, LLC",09/06/2025 15:24,09/06/2026 15:24
7a09417f-cb1f-4fc6-93ec-d3eb2e6210ec,flight.lgbt,available,112,24,6,,,
bf68d6a5-285a-431b-a8f1-026dd7298ad5,flight.life,resell,112,24,6,"Sav.com, LLC - 28",03/12/2024 15:15,03/12/2026 15:15
ca5ec5ac-5eae-4d48-bc9b-0e19df32be10,flight.lifestyle,premium,112,24,6,,,
3ce1f953-604a-44cc-9bfe-d43bb2c7eb25,flight.lighting,available,112,24,6,,,
20438f46-b3e8-47b9-999d-982af01dff6f,flight.limo,available,112,24,6,,,
54971eda-f3cc-4e4d-aa52-d16b8769a6c0,flight.link,resell,112,24,6,NAMECHEAP,30/10/2020 15:23,30/10/2026 15:23
ddf9e3a9-cd84-4e30-800f-4c6e2de2ba0f,flight.live,resell,112,24,6,Porkbun LLC,12/05/2025 19:42,12/05/2026 19:42
2ec85dde-c81c-47c3-99dd-5098e190e594,flight.living,premium,112,24,6,,,
2e6f963d-8a82-4303-8b14-8f316ac110cf,flight.llc,premium,112,24,6,,,
50ed6517-ae72-4b6d-aa46-5d8753010bee,flight.loan,premium,112,24,6,,,
f944a57a-e1bf-4514-945a-9e0625cf002e,flight.loans,available,112,24,6,,,
752a8544-94c8-4a2f-a310-09afeed03023,flight.locker,premium,112,24,6,,,
e322f4de-21ee-4f02-b30d-ce0c3d7de24d,flight.london,premium,112,24,6,,,
e5f5ca9f-d95e-4ce1-b8e9-9610c9790b55,flight.ltd,resell,112,24,6,Alibaba Cloud Computing Ltd. d/b/a HiChina (www.net.cn),10/09/2017 08:22,10/09/2026 08:22
b1b8bee2-6f0f-4c1a-b846-4b5676f4f37c,flight.ltda,premium,112,24,6,,,
e8810eed-f910-4118-946e-9473e02a5a40,flight.luxury,available,112,24,6,,,
ab4ea793-8c2e-40d8-a024-ef77518426c8,flight.maison,available,112,24,6,,,
60bc22ad-8b56-45f5-8690-2cdef6c5cdbd,flight.makeup,premium,112,24,6,,,
98a076e6-ea60-410e-9e94-d9d06ba8bcf5,flight.market,premium,112,24,6,,,
756f9dc2-156c-4ab8-8d6e-1aaea71e40a6,flight.mba,available,112,24,6,,,
94256ef1-b111-446f-ada0-9e4a82a0dfd0,flight.me,premium,112,24,6,,,
26fb4545-5e2f-484f-99b9-40bfb2bbe6fd,flight.media,resell,112,24,6,"NameSilo, LLC",19/03/2016 20:27,19/03/2026 20:27
91f158ec-472b-4edd-8c1e-5f9f8de899b1,flight.melbourne,premium,112,24,6,,,
3aaa7518-ec53-499d-8100-23e4fe0285fe,flight.meme,premium,112,24,6,,,
ed40413c-0845-4e43-bb01-2c8c9647dc1b,flight.memorial,available,112,24,6,,,
36bd28de-cfeb-4bbb-ac40-e42a5fe83976,flight.men,premium,112,24,6,,,
7c46855f-2a7d-4945-85cb-e0fec74c16b8,flight.menu,available,112,24,6,,,
8826a60e-1212-4a1d-8a20-e19b6366fa3d,flight.miami,premium,112,24,6,,,
51cf7706-f4ab-4b11-9651-fee22419b7d5,flight.moda,available,112,24,6,,,
eefb8da9-016c-4158-a1f8-d04723c0f534,flight.moe,premium,112,24,6,,,
6a9c2eaf-77c1-43bf-a754-d6a1f41fb8ef,flight.mom,premium,112,24,6,,,
06647671-173d-4d23-9d57-d1c6d77d8222,flight.money,available,112,24,6,,,
42bffb93-7ba1-4c14-b971-78b24c4ca935,flight.monster,premium,112,24,6,,,
101587c8-b98b-45c5-88f5-9fb4c875f572,flight.mortgage,available,112,24,6,,,
c4eb34eb-5201-45f5-a4c3-a2698b324e00,flight.motorcycles,premium,112,24,6,,,
0245db66-db19-4eff-9856-6b61555e9fa9,flight.mov,premium,112,24,6,,,
f1affe37-2bd1-45d5-883f-bfb212fb9e0f,flight.movie,available,112,24,6,,,
b5e10f91-16db-403b-85be-9919d8c2c7f5,flight.music,premium,112,24,6,,,
48cd2ba4-a6fb-402f-b379-d44d25f782d1,flight.mx,resell,112,24,6,GoDaddy.com,18/11/2010 00:00,17/11/2026 00:00
c38e5c14-8836-4c97-93b0-504df6db10e8,flight.name,premium,112,24,6,,,
71ff8f1c-eea0-4cdc-a363-e0ea8ec00361,flight.navy,available,112,24,6,,,
8a9cab9c-baf6-4944-905f-60f417f0617c,flight.network,sold,112,24,6,Dynadot Inc,07/12/2021 19:04,07/12/2026 19:04
2d136ccf-284f-46d1-8904-15f5620f18ba,flight.news,premium,112,24,6,,,
b5dfe948-1c23-4361-9bba-fb9f607b5918,flight.nexus,premium,112,24,6,,,
355738d7-13a8-468e-ad98-6b7f58f812b1,flight.ngo,available,112,24,6,,,
708d2591-1086-45bb-a933-af7db7665c2c,flight.ninja,sold,112,24,6,Dynadot Inc,19/05/2014 17:19,19/05/2026 17:19
1ff72e74-5ebb-4146-af43-b368067c54d8,flight.nyc,premium,112,24,6,,,
90812a7c-9dc0-49b2-b72e-c5b9109a56f0,flight.observer,premium,112,24,6,,,
b9f58d9a-fd27-4ede-b852-fbb5c80b2bcc,flight.one,premium,112,24,6,,,
a2fb740b-2d6b-4856-bfd3-e7b37a3b3934,flight.ong,available,112,24,6,,,
717dd609-5af6-4691-a344-b0bbbda394e6,flight.onl,premium,112,24,6,,,
e03399ee-d148-47f5-b20a-0822c16653a9,flight.online,premium,112,24,6,,,
21324848-4e70-4628-9817-ae3bb11a93bb,flight.ooo,resell,112,24,6,Ascio Technologies Inc. Danmark - filial af Ascio Technologies Inc. USA,24/10/2020 21:25,24/10/2026 23:59
8dd23b08-e3ae-4a6b-9e3d-d4f7219689aa,flight.organic,available,112,24,6,,,
05e7a9c4-302f-4508-873f-a845ec435197,flight.osaka,premium,112,24,6,,,
c8ba789d-a35e-43a6-85cb-8a90dcc21821,flight.page,premium,112,24,6,,,
2e6df138-57bc-4c8f-b88f-d9f610ecaf61,flight.partners,available,112,24,6,,,
8adf1420-7ef2-4cb8-98e2-8f32ccd1bffa,flight.party,resell,112,24,6,Porkbun,01/08/2025 22:57,01/08/2026 22:57
521e8722-ea38-4eb6-bc51-bc86be49b2ae,flight.pet,available,112,24,6,,,
a581a485-4c4d-4e99-9b8d-5c1efc6199f0,flight.phd,premium,112,24,6,,,
fed71b07-4334-40e1-a57f-6c3b518890b0,flight.photo,premium,112,24,6,,,
2513675e-90b5-4154-9b6b-5cdb322f7c7d,flight.photos,expired,112,24,6,"GoDaddy.com, LLC",31/10/2020 03:38,31/10/2025 03:38
46cfcb48-a6b8-401a-8fee-eb3a2f00f293,flight.pictures,available,112,24,6,,,
f5f5cd15-e494-47ba-9654-c29842406e09,flight.pizza,available,112,24,6,,,
eb7f4614-c34c-425d-a917-55e0d0cda207,flight.place,premium,112,24,6,,,
65534868-e1bd-468e-af93-e2bcb7fe45bd,flight.plumbing,available,112,24,6,,,
403c734c-6faf-4882-90f6-028f4dfd208b,flight.poker,available,112,24,6,,,
05e196f8-f5e6-4ea8-a862-93530566539b,flight.porn,available,112,24,6,,,
b7eb55e2-4bfd-43e5-974a-389a3d4ba660,flight.press,premium,112,24,6,,,
9c3ed732-100d-4547-b9bf-c6dc577c45f2,flight.productions,available,112,24,6,,,
6f0a96d6-7f67-4ae7-b1e1-a2038099addb,flight.prof,premium,112,24,6,,,
a0db493e-c773-4a71-982f-342f97e5e4a3,flight.properties,available,112,24,6,,,
03f00b04-7186-4aff-9d90-d24fbb51ee02,flight.property,premium,112,24,6,,,
0808e886-4a47-4456-88cb-5d0c41749348,flight.protection,available,112,24,6,,,
c069fde0-12a5-4845-b454-6b733a56a43b,flight.pub,available,112,24,6,,,
e565641c-26f9-4bb6-8b85-364f06bffa12,flight.pw,premium,112,24,6,,,
d4947bab-9370-4413-b956-db849cde28c8,flight.qpon,premium,112,24,6,,,
be4e1c44-51aa-4c28-8f1a-da5e2604a41c,flight.racing,premium,112,24,6,,,
aa79242f-3c22-46dd-a7dd-72f98996a004,flight.realty,available,112,24,6,,,
1ff82507-780a-42a6-a868-f10ab55e0780,flight.recipes,available,112,24,6,,,
ef1b711c-0cf3-45ee-a70a-9390841a0b13,flight.red,available,112,24,6,,,
a957405c-8325-440d-a946-b9684c643cdb,flight.rehab,available,112,24,6,,,
d969428f-0b15-4480-8714-25e85e2a1c36,flight.reise,available,112,24,6,,,
f3a6fb11-50c2-4abd-abbf-4d1d10b30982,flight.reisen,available,112,24,6,,,
65cfff88-f661-4268-b020-f6f5ec288fbf,flight.rentals,sold,112,24,6,DropCatch.com 403 LLC,06/11/2025 15:15,06/11/2026 15:15
7da018d0-dfe5-4c5a-8cb8-8879dad93fc4,flight.repair,available,112,24,6,,,
9564f1c5-7493-4af7-aa57-26beb3747792,flight.republican,available,112,24,6,,,
875964e0-00af-4bdb-83dc-fb7291963806,flight.rest,premium,112,24,6,,,
f8583e1d-61ea-440d-a576-98e80ef40fbf,flight.restaurant,available,112,24,6,,,
2963903f-4181-445d-9712-78a918596f66,flight.review,sold,112,24,6,Safenames Ltd,20/09/2016 14:35,19/09/2026 23:59
5588fc12-059d-4863-89ee-4c4f341610b9,flight.rich,available,112,24,6,,,
5fa7728c-420f-4c6b-a76a-4625d78a33f5,flight.rip,available,112,24,6,,,
beaf7f4a-9769-473c-b91f-b310b19c19d4,flight.rodeo,premium,112,24,6,,,
893fd151-c089-4b43-8c25-473669e24cac,flight.rsvp,premium,112,24,6,,,
9f88194b-59e2-409c-8a82-f6acd677d75c,flight.sale,premium,112,24,6,,,
2aef4e2c-bc9b-4711-a68f-3d827df4b562,flight.salon,resell,112,24,6,"Sav.com, LLC",18/01/2025 22:26,18/01/2026 22:26
ce34e76b-880a-4adf-b5f0-1e3a92cc2569,flight.sarl,available,112,24,6,,,
dc3f99b7-107f-469e-be49-25fbb4d68198,flight.sbs,premium,112,24,6,,,
e8cf8003-3fc5-4adf-90de-7ab91779171a,flight.school,resell,112,24,6,"Sav.com, LLC - 20",23/05/2025 15:15,23/05/2026 15:15
4409aa51-0047-4c55-b3a4-d2bc24663ef3,flight.schule,available,112,24,6,,,
c64d1e54-9fbb-4e0c-93a5-21c4e88d3732,flight.science,premium,112,24,6,,,
360df273-148c-4451-9a92-072db21edbc1,flight.security,available,112,24,6,,,
22036d7e-15c5-427b-bc70-6140e55c7229,flight.services,sold,112,24,6,Porkbun LLC,25/09/2018 13:48,25/09/2026 13:48
bbe0d2bc-1bda-4437-94eb-74571bed1722,flight.sexy,available,112,24,6,,,